"check_type","unit","part","run_status","run_completed","output_hessian","has_hessian_file","success","missing","failure_reason","folder"
"hessian","part_1",1,"completed",TRUE,"bet.hes",TRUE,TRUE,FALSE,"","/var/lib/condor/execute/dir_1791789/scratch/output/checks/hessian/S0.90-F2-tau2-fixed/hessian/part_1"
"hessian","part_2",2,"completed",TRUE,"bet.hes",TRUE,TRUE,FALSE,"","/var/lib/condor/execute/dir_1791789/scratch/output/checks/hessian/S0.90-F2-tau2-fixed/hessian/part_2"
"hessian","part_3",3,"completed",TRUE,"bet.hes",TRUE,TRUE,FALSE,"","/var/lib/condor/execute/dir_1791789/scratch/output/checks/hessian/S0.90-F2-tau2-fixed/hessian/part_3"
"hessian","part_4",4,"completed",TRUE,"bet.hes",TRUE,TRUE,FALSE,"","/var/lib/condor/execute/dir_1791789/scratch/output/checks/hessian/S0.90-F2-tau2-fixed/hessian/part_4"
"hessian","part_5",5,"completed",TRUE,"bet.hes",TRUE,TRUE,FALSE,"","/var/lib/condor/execute/dir_1791789/scratch/output/checks/hessian/S0.90-F2-tau2-fixed/hessian/part_5"
"hessian","part_6",6,"completed",TRUE,"bet.hes",TRUE,TRUE,FALSE,"","/var/lib/condor/execute/dir_1791789/scratch/output/checks/hessian/S0.90-F2-tau2-fixed/hessian/part_6"
"hessian","part_7",7,"completed",TRUE,"bet.hes",TRUE,TRUE,FALSE,"","/var/lib/condor/execute/dir_1791789/scratch/output/checks/hessian/S0.90-F2-tau2-fixed/hessian/part_7"
"hessian","part_8",8,"completed",TRUE,"bet.hes",TRUE,TRUE,FALSE,"","/var/lib/condor/execute/dir_1791789/scratch/output/checks/hessian/S0.90-F2-tau2-fixed/hessian/part_8"
"hessian","part_9",9,"completed",TRUE,"bet.hes",TRUE,TRUE,FALSE,"","/var/lib/condor/execute/dir_1791789/scratch/output/checks/hessian/S0.90-F2-tau2-fixed/hessian/part_9"
"hessian","part_10",10,"completed",TRUE,"bet.hes",TRUE,TRUE,FALSE,"","/var/lib/condor/execute/dir_1791789/scratch/output/checks/hessian/S0.90-F2-tau2-fixed/hessian/part_10"
"hessian","part_11",11,"completed",TRUE,"bet.hes",TRUE,TRUE,FALSE,"","/var/lib/condor/execute/dir_1791789/scratch/output/checks/hessian/S0.90-F2-tau2-fixed/hessian/part_11"
"hessian","part_12",12,"completed",TRUE,"bet.hes",TRUE,TRUE,FALSE,"","/var/lib/condor/execute/dir_1791789/scratch/output/checks/hessian/S0.90-F2-tau2-fixed/hessian/part_12"
"hessian","part_13",13,"completed",TRUE,"bet.hes",TRUE,TRUE,FALSE,"","/var/lib/condor/execute/dir_1791789/scratch/output/checks/hessian/S0.90-F2-tau2-fixed/hessian/part_13"
"hessian","part_14",14,"completed",TRUE,"bet.hes",TRUE,TRUE,FALSE,"","/var/lib/condor/execute/dir_1791789/scratch/output/checks/hessian/S0.90-F2-tau2-fixed/hessian/part_14"
"hessian","part_15",15,"completed",TRUE,"bet.hes",TRUE,TRUE,FALSE,"","/var/lib/condor/execute/dir_1791789/scratch/output/checks/hessian/S0.90-F2-tau2-fixed/hessian/part_15"
"hessian","part_16",16,"completed",TRUE,"bet.hes",TRUE,TRUE,FALSE,"","/var/lib/condor/execute/dir_1791789/scratch/output/checks/hessian/S0.90-F2-tau2-fixed/hessian/part_16"
"hessian","part_17",17,"completed",TRUE,"bet.hes",TRUE,TRUE,FALSE,"","/var/lib/condor/execute/dir_1791789/scratch/output/checks/hessian/S0.90-F2-tau2-fixed/hessian/part_17"
"hessian","part_18",18,"completed",TRUE,"bet.hes",TRUE,TRUE,FALSE,"","/var/lib/condor/execute/dir_1791789/scratch/output/checks/hessian/S0.90-F2-tau2-fixed/hessian/part_18"
"hessian","part_19",19,"completed",TRUE,"bet.hes",TRUE,TRUE,FALSE,"","/var/lib/condor/execute/dir_1791789/scratch/output/checks/hessian/S0.90-F2-tau2-fixed/hessian/part_19"
"hessian","part_20",20,"completed",TRUE,"bet.hes",TRUE,TRUE,FALSE,"","/var/lib/condor/execute/dir_1791789/scratch/output/checks/hessian/S0.90-F2-tau2-fixed/hessian/part_20"
"hessian","part_21",21,"completed",TRUE,"bet.hes",TRUE,TRUE,FALSE,"","/var/lib/condor/execute/dir_1791789/scratch/output/checks/hessian/S0.90-F2-tau2-fixed/hessian/part_21"
"hessian","part_22",22,"completed",TRUE,"bet.hes",TRUE,TRUE,FALSE,"","/var/lib/condor/execute/dir_1791789/scratch/output/checks/hessian/S0.90-F2-tau2-fixed/hessian/part_22"
"hessian","part_23",23,"completed",TRUE,"bet.hes",TRUE,TRUE,FALSE,"","/var/lib/condor/execute/dir_1791789/scratch/output/checks/hessian/S0.90-F2-tau2-fixed/hessian/part_23"
"hessian","part_24",24,"completed",TRUE,"bet.hes",TRUE,TRUE,FALSE,"","/var/lib/condor/execute/dir_1791789/scratch/output/checks/hessian/S0.90-F2-tau2-fixed/hessian/part_24"
"hessian","part_25",25,"completed",TRUE,"bet.hes",TRUE,TRUE,FALSE,"","/var/lib/condor/execute/dir_1791789/scratch/output/checks/hessian/S0.90-F2-tau2-fixed/hessian/part_25"
"hessian","part_26",26,"completed",TRUE,"bet.hes",TRUE,TRUE,FALSE,"","/var/lib/condor/execute/dir_1791789/scratch/output/checks/hessian/S0.90-F2-tau2-fixed/hessian/part_26"
"hessian","part_27",27,"completed",TRUE,"bet.hes",TRUE,TRUE,FALSE,"","/var/lib/condor/execute/dir_1791789/scratch/output/checks/hessian/S0.90-F2-tau2-fixed/hessian/part_27"
"hessian","part_28",28,"completed",TRUE,"bet.hes",TRUE,TRUE,FALSE,"","/var/lib/condor/execute/dir_1791789/scratch/output/checks/hessian/S0.90-F2-tau2-fixed/hessian/part_28"
"hessian","part_29",29,"completed",TRUE,"bet.hes",TRUE,TRUE,FALSE,"","/var/lib/condor/execute/dir_1791789/scratch/output/checks/hessian/S0.90-F2-tau2-fixed/hessian/part_29"
"hessian","part_30",30,"completed",TRUE,"bet.hes",TRUE,TRUE,FALSE,"","/var/lib/condor/execute/dir_1791789/scratch/output/checks/hessian/S0.90-F2-tau2-fixed/hessian/part_30"
"hessian","part_31",31,"completed",TRUE,"bet.hes",TRUE,TRUE,FALSE,"","/var/lib/condor/execute/dir_1791789/scratch/output/checks/hessian/S0.90-F2-tau2-fixed/hessian/part_31"
"hessian","part_32",32,"completed",TRUE,"bet.hes",TRUE,TRUE,FALSE,"","/var/lib/condor/execute/dir_1791789/scratch/output/checks/hessian/S0.90-F2-tau2-fixed/hessian/part_32"
"hessian","part_33",33,"completed",TRUE,"bet.hes",TRUE,TRUE,FALSE,"","/var/lib/condor/execute/dir_1791789/scratch/output/checks/hessian/S0.90-F2-tau2-fixed/hessian/part_33"
"hessian","part_34",34,"completed",TRUE,"bet.hes",TRUE,TRUE,FALSE,"","/var/lib/condor/execute/dir_1791789/scratch/output/checks/hessian/S0.90-F2-tau2-fixed/hessian/part_34"
"hessian","part_35",35,"completed",TRUE,"bet.hes",TRUE,TRUE,FALSE,"","/var/lib/condor/execute/dir_1791789/scratch/output/checks/hessian/S0.90-F2-tau2-fixed/hessian/part_35"
"hessian","part_36",36,"completed",TRUE,"bet.hes",TRUE,TRUE,FALSE,"","/var/lib/condor/execute/dir_1791789/scratch/output/checks/hessian/S0.90-F2-tau2-fixed/hessian/part_36"
"hessian","part_37",37,"completed",TRUE,"bet.hes",TRUE,TRUE,FALSE,"","/var/lib/condor/execute/dir_1791789/scratch/output/checks/hessian/S0.90-F2-tau2-fixed/hessian/part_37"
"hessian","part_38",38,"completed",TRUE,"bet.hes",TRUE,TRUE,FALSE,"","/var/lib/condor/execute/dir_1791789/scratch/output/checks/hessian/S0.90-F2-tau2-fixed/hessian/part_38"
"hessian","part_39",39,"completed",TRUE,"bet.hes",TRUE,TRUE,FALSE,"","/var/lib/condor/execute/dir_1791789/scratch/output/checks/hessian/S0.90-F2-tau2-fixed/hessian/part_39"
"hessian","part_40",40,"completed",TRUE,"bet.hes",TRUE,TRUE,FALSE,"","/var/lib/condor/execute/dir_1791789/scratch/output/checks/hessian/S0.90-F2-tau2-fixed/hessian/part_40"
"hessian","part_41",41,"completed",TRUE,"bet.hes",TRUE,TRUE,FALSE,"","/var/lib/condor/execute/dir_1791789/scratch/output/checks/hessian/S0.90-F2-tau2-fixed/hessian/part_41"
"hessian","part_42",42,"completed",TRUE,"bet.hes",TRUE,TRUE,FALSE,"","/var/lib/condor/execute/dir_1791789/scratch/output/checks/hessian/S0.90-F2-tau2-fixed/hessian/part_42"
"hessian","part_43",43,"completed",TRUE,"bet.hes",TRUE,TRUE,FALSE,"","/var/lib/condor/execute/dir_1791789/scratch/output/checks/hessian/S0.90-F2-tau2-fixed/hessian/part_43"
"hessian","part_44",44,"completed",TRUE,"bet.hes",TRUE,TRUE,FALSE,"","/var/lib/condor/execute/dir_1791789/scratch/output/checks/hessian/S0.90-F2-tau2-fixed/hessian/part_44"
"hessian","part_45",45,"completed",TRUE,"bet.hes",TRUE,TRUE,FALSE,"","/var/lib/condor/execute/dir_1791789/scratch/output/checks/hessian/S0.90-F2-tau2-fixed/hessian/part_45"
"hessian","part_46",46,"completed",TRUE,"bet.hes",TRUE,TRUE,FALSE,"","/var/lib/condor/execute/dir_1791789/scratch/output/checks/hessian/S0.90-F2-tau2-fixed/hessian/part_46"
"hessian","part_47",47,"completed",TRUE,"bet.hes",TRUE,TRUE,FALSE,"","/var/lib/condor/execute/dir_1791789/scratch/output/checks/hessian/S0.90-F2-tau2-fixed/hessian/part_47"
"hessian","part_48",48,"completed",TRUE,"bet.hes",TRUE,TRUE,FALSE,"","/var/lib/condor/execute/dir_1791789/scratch/output/checks/hessian/S0.90-F2-tau2-fixed/hessian/part_48"
"hessian","part_49",49,"completed",TRUE,"bet.hes",TRUE,TRUE,FALSE,"","/var/lib/condor/execute/dir_1791789/scratch/output/checks/hessian/S0.90-F2-tau2-fixed/hessian/part_49"
"hessian","part_50",50,"completed",TRUE,"bet.hes",TRUE,TRUE,FALSE,"","/var/lib/condor/execute/dir_1791789/scratch/output/checks/hessian/S0.90-F2-tau2-fixed/hessian/part_50"
"hessian","part_51",51,"completed",TRUE,"bet.hes",TRUE,TRUE,FALSE,"","/var/lib/condor/execute/dir_1791789/scratch/output/checks/hessian/S0.90-F2-tau2-fixed/hessian/part_51"
"hessian","part_52",52,"completed",TRUE,"bet.hes",TRUE,TRUE,FALSE,"","/var/lib/condor/execute/dir_1791789/scratch/output/checks/hessian/S0.90-F2-tau2-fixed/hessian/part_52"
"hessian","part_53",53,"completed",TRUE,"bet.hes",TRUE,TRUE,FALSE,"","/var/lib/condor/execute/dir_1791789/scratch/output/checks/hessian/S0.90-F2-tau2-fixed/hessian/part_53"
"hessian","part_54",54,"completed",TRUE,"bet.hes",TRUE,TRUE,FALSE,"","/var/lib/condor/execute/dir_1791789/scratch/output/checks/hessian/S0.90-F2-tau2-fixed/hessian/part_54"
"hessian","part_55",55,"completed",TRUE,"bet.hes",TRUE,TRUE,FALSE,"","/var/lib/condor/execute/dir_1791789/scratch/output/checks/hessian/S0.90-F2-tau2-fixed/hessian/part_55"
"hessian","part_56",56,"completed",TRUE,"bet.hes",TRUE,TRUE,FALSE,"","/var/lib/condor/execute/dir_1791789/scratch/output/checks/hessian/S0.90-F2-tau2-fixed/hessian/part_56"
"hessian","part_57",57,"completed",TRUE,"bet.hes",TRUE,TRUE,FALSE,"","/var/lib/condor/execute/dir_1791789/scratch/output/checks/hessian/S0.90-F2-tau2-fixed/hessian/part_57"
"hessian","part_58",58,"completed",TRUE,"bet.hes",TRUE,TRUE,FALSE,"","/var/lib/condor/execute/dir_1791789/scratch/output/checks/hessian/S0.90-F2-tau2-fixed/hessian/part_58"
"hessian","part_59",59,"completed",TRUE,"bet.hes",TRUE,TRUE,FALSE,"","/var/lib/condor/execute/dir_1791789/scratch/output/checks/hessian/S0.90-F2-tau2-fixed/hessian/part_59"
"hessian","part_60",60,"completed",TRUE,"bet.hes",TRUE,TRUE,FALSE,"","/var/lib/condor/execute/dir_1791789/scratch/output/checks/hessian/S0.90-F2-tau2-fixed/hessian/part_60"
