year,season,fishery,area,index
1952,1,29,1,2.25122940636301
1952,2,29,1,1.51062958369615
1952,3,29,1,3.04089034542611
1952,4,29,1,2.904300685536
1953,1,29,1,2.66633465395382
1953,2,29,1,1.40188121777484
1953,3,29,1,2.04483906766485
1953,4,29,1,2.30705610180346
1954,1,29,1,1.7285220770148
1954,2,29,1,1.63213396201713
1954,3,29,1,1.9549364584587
1954,4,29,1,2.6307148199314
1955,1,29,1,2.16474444412495
1955,2,29,1,1.52015302939262
1955,3,29,1,1.98350747614895
1955,4,29,1,2.69871545837365
1956,1,29,1,2.18578871323483
1956,2,29,1,1.33453108937505
1956,3,29,1,1.8354471700021
1956,4,29,1,3.01412840740851
1957,1,29,1,2.90430215888557
1957,2,29,1,1.27570284393472
1957,3,29,1,1.4800559862513
1957,4,29,1,2.34086661993247
1958,1,29,1,2.32802971813801
1958,2,29,1,2.09580270058314
1958,3,29,1,1.96540174626031
1958,4,29,1,2.79292305103394
1959,1,29,1,1.87955676307798
1959,2,29,1,1.12507202611689
1959,3,29,1,1.10924148750949
1959,4,29,1,2.03614123885831
1960,1,29,1,1.9596540319038
1960,2,29,1,1.0558646907284
1960,3,29,1,0.900061725991578
1960,4,29,1,1.88027193411242
1961,1,29,1,1.9319735133017
1961,2,29,1,1.05764697401542
1961,3,29,1,0.972799030016457
1961,4,29,1,2.33476068137984
1962,1,29,1,1.4984539188037
1962,2,29,1,1.03800626598227
1962,3,29,1,1.03043553003435
1962,4,29,1,1.34716411138635
1963,1,29,1,1.4467180258741
1963,2,29,1,0.934052989918639
1963,3,29,1,0.752764594222173
1963,4,29,1,1.23266746467414
1964,1,29,1,1.3350865736217
1964,2,29,1,0.677124797356014
1964,3,29,1,0.518777689987744
1964,4,29,1,1.20396323089858
1965,1,29,1,1.08618924631124
1965,2,29,1,0.659325701429021
1965,3,29,1,0.625937270560768
1965,4,29,1,1.11267211908228
1966,1,29,1,1.50844756789099
1966,2,29,1,0.570137975801353
1966,3,29,1,1.10207574617138
1966,4,29,1,1.34097086400333
1967,1,29,1,1.37459353318873
1967,2,29,1,0.625895034136563
1967,3,29,1,0.678703561286193
1967,4,29,1,1.04024280362345
1968,1,29,1,0.918857887785099
1968,2,29,1,0.431626430884129
1968,3,29,1,0.431165344823163
1968,4,29,1,1.10001389756141
1969,1,29,1,1.11149415369333
1969,2,29,1,0.435834887673005
1969,3,29,1,0.72869951380614
1969,4,29,1,1.10197116296178
1970,1,29,1,0.836002331834616
1970,2,29,1,0.44904621459363
1970,3,29,1,0.515598464068049
1970,4,29,1,0.867718561660156
1971,1,29,1,0.645949466365669
1971,2,29,1,0.402393535340684
1971,3,29,1,0.542898041278917
1971,4,29,1,1.14660167383529
1972,1,29,1,0.984796080855339
1972,2,29,1,0.514923089792758
1972,3,29,1,0.643560993808783
1972,4,29,1,1.12117513010236
1973,1,29,1,0.918553869715858
1973,2,29,1,0.609659657914206
1973,3,29,1,0.371947062999491
1973,4,29,1,0.645658653292065
1974,1,29,1,0.630138747166714
1974,2,29,1,0.516413487924999
1974,3,29,1,0.54972593616588
1974,4,29,1,0.804525148201444
1975,1,29,1,0.790717011392295
1975,2,29,1,0.457603549784081
1975,3,29,1,0.482270055081231
1975,4,29,1,1.06967863120468
1976,1,29,1,0.801460231435172
1976,2,29,1,0.659408776122387
1976,3,29,1,0.662764460652832
1976,4,29,1,0.895670151743173
1977,1,29,1,0.899958824591972
1977,2,29,1,0.779240928752989
1977,3,29,1,0.954160286905709
1977,4,29,1,1.68939346128432
1978,1,29,1,0.958393438262806
1978,2,29,1,0.560016215081274
1978,3,29,1,0.636744797145759
1978,4,29,1,1.07133076079225
1979,1,29,1,0.813809530801501
1979,2,29,1,0.593294954973399
1979,3,29,1,0.720458365762978
1979,4,29,1,0.998185303195041
1980,1,29,1,0.673053661592495
1980,2,29,1,0.543025116219097
1980,3,29,1,0.568457971429677
1980,4,29,1,0.933548422948737
1981,1,29,1,0.646472934732192
1981,2,29,1,0.355392566882416
1981,3,29,1,0.654424761630179
1981,4,29,1,0.925085130743164
1982,1,29,1,0.679345971323156
1982,2,29,1,0.512203724993435
1982,3,29,1,0.681950126757933
1982,4,29,1,1.03171065020307
1983,1,29,1,0.666636807864729
1983,2,29,1,0.507471802581864
1983,3,29,1,0.665602128857509
1983,4,29,1,0.913847074826444
1984,1,29,1,0.720857617744086
1984,2,29,1,0.518794521531191
1984,3,29,1,0.713079387407722
1984,4,29,1,0.808288384575227
1985,1,29,1,0.725759458820172
1985,2,29,1,0.348196138388112
1985,3,29,1,0.614286424247026
1985,4,29,1,0.860958677976406
1986,1,29,1,0.7278101121365
1986,2,29,1,0.628033784942919
1986,3,29,1,0.723370376670245
1986,4,29,1,0.977474737703796
1987,1,29,1,0.871150561050079
1987,2,29,1,0.523769193258172
1987,3,29,1,0.542640982055856
1987,4,29,1,1.0479373680916
1988,1,29,1,0.828201068786266
1988,2,29,1,0.529579651459836
1988,3,29,1,0.541427416524098
1988,4,29,1,0.892348182600737
1989,1,29,1,0.668155542598749
1989,2,29,1,0.433377008341372
1989,3,29,1,0.594473020469912
1989,4,29,1,1.07589784290546
1990,1,29,1,0.781364938052629
1990,2,29,1,0.488502408114231
1990,3,29,1,0.707034614935111
1990,4,29,1,1.32484839358269
1991,1,29,1,0.912779397174114
1991,2,29,1,0.585326467788006
1991,3,29,1,0.721813607104632
1991,4,29,1,0.895375354333879
1992,1,29,1,0.824877538542763
1992,2,29,1,0.573355211856463
1992,3,29,1,0.789824511514829
1992,4,29,1,1.30673230915182
1993,1,29,1,1.01084626069074
1993,2,29,1,0.515885013401952
1993,3,29,1,0.589232981961864
1993,4,29,1,0.974168645238297
1994,1,29,1,0.803369499828333
1994,2,29,1,0.497528572396902
1994,3,29,1,0.703351506432368
1994,4,29,1,1.00276987133764
1995,1,29,1,0.854531589006008
1995,2,29,1,0.547245916903001
1995,3,29,1,0.543941265869847
1995,4,29,1,0.662549384480678
1996,1,29,1,0.617495704212581
1996,2,29,1,0.384459080905365
1996,3,29,1,0.575111077065407
1996,4,29,1,1.21464506152676
1997,1,29,1,0.801963703216721
1997,2,29,1,0.406238533391975
1997,3,29,1,0.59231382389821
1997,4,29,1,1.10104188252459
1998,1,29,1,0.875882861993895
1998,2,29,1,0.517788391661808
1998,3,29,1,0.543923370118307
1998,4,29,1,0.788499547102454
1999,1,29,1,0.65317938672123
1999,2,29,1,0.377767347083457
1999,3,29,1,0.470196926897789
1999,4,29,1,0.852249781964447
2000,1,29,1,0.687411067380471
2000,2,29,1,0.39883013168251
2000,3,29,1,0.411213417548535
2000,4,29,1,0.610141568852814
2001,1,29,1,0.480686889161159
2001,2,29,1,0.293627566201502
2001,3,29,1,0.278133981082972
2001,4,29,1,0.77116967412653
2002,1,29,1,0.578946550303815
2002,2,29,1,0.405413572673084
2002,3,29,1,0.438763670272741
2002,4,29,1,0.975616967960661
2003,1,29,1,0.635108530011657
2003,2,29,1,0.416715226949116
2003,3,29,1,0.476191943025738
2003,4,29,1,0.72480107317685
2004,1,29,1,0.429161744606418
2004,2,29,1,0.33359416836513
2004,3,29,1,0.561451948343878
2004,4,29,1,0.850886151344211
2005,1,29,1,0.588196529032767
2005,2,29,1,0.30155987338348
2005,3,29,1,0.499464969093576
2005,4,29,1,0.713488853699122
2006,1,29,1,0.46701430477775
2006,2,29,1,0.408918994744682
2006,3,29,1,0.424202989679063
2006,4,29,1,0.725796600115325
2007,1,29,1,0.595433188770624
2007,2,29,1,0.25756246653013
2007,3,29,1,0.394331459751236
2007,4,29,1,0.818862768825211
2008,1,29,1,0.568306950191064
2008,2,29,1,0.264724258928993
2008,3,29,1,0.228321289019262
2008,4,29,1,0.511361347759817
2009,1,29,1,0.362758403078927
2009,2,29,1,0.224785805376296
2009,3,29,1,0.364699347556113
2009,4,29,1,0.709368072959514
2010,1,29,1,0.512084862392357
2010,2,29,1,0.235100706986965
2010,3,29,1,0.25094709285424
2010,4,29,1,0.840339485463783
2011,1,29,1,0.581491695138325
2011,2,29,1,0.272543204288051
2011,3,29,1,0.274792100948801
2011,4,29,1,0.52630400750243
2012,1,29,1,0.438531700387216
2012,2,29,1,0.214132374783236
2012,3,29,1,0.338339917374104
2012,4,29,1,0.60228774562918
2013,1,29,1,0.395195799924089
2013,2,29,1,0.247704118880394
2013,3,29,1,0.242742006170195
2013,4,29,1,0.668468414674547
2014,1,29,1,0.516866291053183
2014,2,29,1,0.329836619764201
2014,3,29,1,0.504969001748283
2014,4,29,1,0.974409671483154
2015,1,29,1,0.713564588521861
2015,2,29,1,0.305039286199964
2015,3,29,1,0.336126057652313
2015,4,29,1,0.72486595145198
2016,1,29,1,0.486076293324558
2016,2,29,1,0.321955189398337
2016,3,29,1,0.194552150534659
2016,4,29,1,0.570805703270477
2017,1,29,1,0.400719628712707
2017,2,29,1,0.176861290110955
2017,3,29,1,0.255935765520145
2017,4,29,1,0.581039753257521
2018,1,29,1,0.383602410116866
2018,2,29,1,0.205047895955759
2018,3,29,1,0.250535516684448
2018,4,29,1,0.6660520928587
2019,1,29,1,0.543562318883016
2019,2,29,1,0.228399047069441
2019,3,29,1,0.268650148806217
2019,4,29,1,0.633282220636611
2020,1,29,1,0.539188177567543
2020,2,29,1,0.166233589870015
2020,3,29,1,0.247375304154088
2020,4,29,1,0.650272505596562
2021,1,29,1,0.503496412396057
2021,2,29,1,0.17721141879988
2021,3,29,1,0.239744281323866
2021,4,29,1,0.528888783433435
2022,1,29,1,0.350177300492328
2022,2,29,1,0.16621967638073
2022,3,29,1,0.176054314039596
2022,4,29,1,0.550983635669896
2023,1,29,1,0.416495699715134
2023,2,29,1,0.141511292793883
2023,3,29,1,0.302877680331486
2023,4,29,1,0.655536620713559
2024,1,29,1,0.554306399144656
2024,2,29,1,0.326097082825108
2024,3,29,1,0.323396494596534
2024,4,29,1,0.482851329561975
1952,1,30,2,1.76325392843013
1952,2,30,2,1.23376005850121
1952,3,30,2,1.7124243999947
1952,4,30,2,2.20693462907076
1953,1,30,2,1.65535302740909
1953,2,30,2,1.58635116298912
1953,3,30,2,2.67556121753469
1953,4,30,2,2.47056247115482
1954,1,30,2,1.82275185359956
1954,2,30,2,1.55851688416266
1954,3,30,2,2.12664898715211
1954,4,30,2,1.92636258320646
1955,1,30,2,1.77654412380488
1955,2,30,2,1.28670722970873
1955,3,30,2,1.57025760342317
1955,4,30,2,1.77766420196718
1956,1,30,2,1.80305219441332
1956,2,30,2,1.48718576793278
1956,3,30,2,1.86386520410911
1956,4,30,2,1.81187690554478
1957,1,30,2,1.29031655964317
1957,2,30,2,1.47272616958142
1957,3,30,2,2.49834857461972
1957,4,30,2,1.95371216577557
1958,1,30,2,1.66103024548835
1958,2,30,2,1.40676606058075
1958,3,30,2,2.34168921847893
1958,4,30,2,2.0918767503417
1959,1,30,2,2.54398955367979
1959,2,30,2,1.39084750451941
1959,3,30,2,0.98336908447431
1959,4,30,2,1.4463243652796
1960,1,30,2,1.36050926104527
1960,2,30,2,0.904756000606703
1960,3,30,2,2.29829014710737
1960,4,30,2,0.868971517994894
1961,1,30,2,1.00785892232249
1961,2,30,2,0.870544554105791
1961,3,30,2,0.660355009458406
1961,4,30,2,0.903709890036481
1962,1,30,2,0.958210436256365
1962,2,30,2,1.06099776545779
1962,3,30,2,1.27114176986902
1962,4,30,2,0.913508929223793
1963,1,30,2,0.967899945528374
1963,2,30,2,0.699800752156602
1963,3,30,2,0.872033868730642
1963,4,30,2,0.852039944769266
1964,1,30,2,0.767608630247666
1964,2,30,2,0.916002296922683
1964,3,30,2,0.98471810481136
1964,4,30,2,0.841383897796132
1965,1,30,2,1.04626234011453
1965,2,30,2,0.765794890435802
1965,3,30,2,1.05463291715434
1965,4,30,2,0.843083893789352
1966,1,30,2,0.931341607548874
1966,2,30,2,0.835401616641494
1966,3,30,2,0.989116194471926
1966,4,30,2,0.790410855672092
1967,1,30,2,0.938182387603976
1967,2,30,2,0.685137669943724
1967,3,30,2,0.814155614242337
1967,4,30,2,0.783307897530374
1968,1,30,2,0.794780834019423
1968,2,30,2,0.636967084965955
1968,3,30,2,0.951810147925124
1968,4,30,2,0.882892272667595
1969,1,30,2,0.721167175875874
1969,2,30,2,0.641133543416655
1969,3,30,2,0.974539160390605
1969,4,30,2,0.79754813029154
1970,1,30,2,0.899880025286867
1970,2,30,2,0.680320134169354
1970,3,30,2,0.942516179472728
1970,4,30,2,0.647616589591143
1971,1,30,2,0.979216491291579
1971,2,30,2,0.748432358737357
1971,3,30,2,0.718909555172667
1971,4,30,2,0.842323569844813
1972,1,30,2,1.06060893874961
1972,2,30,2,0.776237259129127
1972,3,30,2,0.776045424297606
1972,4,30,2,1.28907213916193
1973,1,30,2,1.39747093119538
1973,2,30,2,1.06045319568902
1973,3,30,2,1.14075419021204
1973,4,30,2,1.13855314449437
1974,1,30,2,0.762759172342534
1974,2,30,2,0.790964179999358
1974,3,30,2,0.876309241681668
1974,4,30,2,0.84934324695937
1975,1,30,2,0.939256203607829
1975,2,30,2,0.927078973110827
1975,3,30,2,0.799117621329492
1975,4,30,2,1.0636579161474
1976,1,30,2,1.01207020801222
1976,2,30,2,0.952734139082295
1976,3,30,2,0.797256211883847
1976,4,30,2,0.895047478178918
1977,1,30,2,0.891216076033546
1977,2,30,2,0.889120299718104
1977,3,30,2,0.953602638141651
1977,4,30,2,1.06554620158711
1978,1,30,2,0.916162951410499
1978,2,30,2,0.776034681766943
1978,3,30,2,0.949214781482304
1978,4,30,2,0.983997999800705
1979,1,30,2,0.907972101935385
1979,2,30,2,0.899327109730631
1979,3,30,2,0.632378325524358
1979,4,30,2,0.765090408803972
1980,1,30,2,0.877206141101043
1980,2,30,2,0.576038321341856
1980,3,30,2,0.704122537108987
1980,4,30,2,0.692657858158705
1981,1,30,2,0.682625845688347
1981,2,30,2,0.573188816187608
1981,3,30,2,0.589100988184871
1981,4,30,2,0.736387454147949
1982,1,30,2,0.594938337252558
1982,2,30,2,0.580712512343018
1982,3,30,2,0.591484376602697
1982,4,30,2,0.578839266746367
1983,1,30,2,0.503647318087557
1983,2,30,2,0.683808582871942
1983,3,30,2,0.722955063186642
1983,4,30,2,0.640743766350944
1984,1,30,2,0.686788829683984
1984,2,30,2,0.804894828090464
1984,3,30,2,0.654737399772678
1984,4,30,2,0.462649724195912
1985,1,30,2,0.435134523498409
1985,2,30,2,0.501266393778401
1985,3,30,2,0.642126156601847
1985,4,30,2,0.64695742974478
1986,1,30,2,0.699505533583407
1986,2,30,2,0.643767894792065
1986,3,30,2,0.67383473533755
1986,4,30,2,0.921042619989164
1987,1,30,2,1.13660340593424
1987,2,30,2,1.24958926514288
1987,3,30,2,1.39672447373064
1987,4,30,2,0.955740187038255
1988,1,30,2,1.06117338034484
1988,2,30,2,0.802887869709203
1988,3,30,2,0.602752286671741
1988,4,30,2,1.05584828066255
1989,1,30,2,1.29232271575294
1989,2,30,2,1.29913115428722
1989,3,30,2,0.905998738673317
1989,4,30,2,1.41719251797426
1990,1,30,2,1.40484801154207
1990,2,30,2,1.01747855507514
1990,3,30,2,0.807434819845126
1990,4,30,2,1.1326415530785
1991,1,30,2,0.777885662397526
1991,2,30,2,0.910493691202034
1991,3,30,2,0.845670187527056
1991,4,30,2,1.1205068270941
1992,1,30,2,1.28211269053465
1992,2,30,2,1.19379695224125
1992,3,30,2,0.836662430027474
1992,4,30,2,0.81019334200003
1993,1,30,2,0.953372840099077
1993,2,30,2,1.01207011402438
1993,3,30,2,0.669922706127703
1993,4,30,2,0.717505116908088
1994,1,30,2,0.951594474613093
1994,2,30,2,0.861422134018978
1994,3,30,2,0.932330719373288
1994,4,30,2,0.68917921518793
1995,1,30,2,0.841724052552449
1995,2,30,2,0.675918512179388
1995,3,30,2,0.651904818757621
1995,4,30,2,0.421975850450011
1996,1,30,2,0.582377912178216
1996,2,30,2,0.69935410413485
1996,3,30,2,0.706364982216029
1996,4,30,2,0.825464013423599
1997,1,30,2,0.850349039582065
1997,2,30,2,1.0373311112878
1997,3,30,2,0.591760539707994
1997,4,30,2,0.596895150441526
1998,1,30,2,0.851036934266931
1998,2,30,2,1.26309328903874
1998,3,30,2,0.89233368964379
1998,4,30,2,0.555489767593109
1999,1,30,2,1.16324169916975
1999,2,30,2,0.739776980837398
1999,3,30,2,1.10015119500489
1999,4,30,2,1.37503109564535
2000,1,30,2,0.928639075348794
2000,2,30,2,0.539667124681597
2000,3,30,2,1.08461944260211
2000,4,30,2,0.796835839780785
2001,1,30,2,0.641857235262751
2001,2,30,2,0.454358934772447
2001,3,30,2,0.442365324413393
2001,4,30,2,0.677449804750435
2002,1,30,2,1.03046910825671
2002,2,30,2,0.932868884748435
2002,3,30,2,0.356174585302671
2002,4,30,2,0.774847672761761
2003,1,30,2,0.694884275566778
2003,2,30,2,0.649263865784964
2003,3,30,2,0.696414238298442
2003,4,30,2,0.441653473207752
2004,1,30,2,0.610295224349064
2004,2,30,2,0.510737587906617
2004,3,30,2,0.241921414014651
2004,4,30,2,0.45942869425883
2005,1,30,2,0.606269590765916
2005,2,30,2,0.68645880338626
2005,3,30,2,0.324992294542735
2005,4,30,2,0.429085204891603
2006,1,30,2,0.745240785713335
2006,2,30,2,0.507288888399648
2006,3,30,2,0.674151171606479
2006,4,30,2,0.573508859490095
2007,1,30,2,0.412577856618406
2007,2,30,2,0.334652922486112
2007,3,30,2,0.23307574710134
2007,4,30,2,0.317195925451936
2008,1,30,2,0.593874945983837
2008,2,30,2,0.449888606430913
2008,3,30,2,0.64373414118844
2008,4,30,2,0.419180208699289
2009,1,30,2,0.313517473512999
2009,2,30,2,0.312839809973555
2009,3,30,2,0.357833235230203
2009,4,30,2,0.232321523130893
2010,1,30,2,0.304614002383189
2010,2,30,2,0.203766159417777
2010,3,30,2,0.217335931947281
2010,4,30,2,0.243508749785066
2011,1,30,2,0.470530273526414
2011,2,30,2,0.50614808488401
2011,3,30,2,0.528868933614634
2011,4,30,2,0.185639249687642
2012,1,30,2,0.44441020668079
2012,2,30,2,0.272626136966753
2012,3,30,2,0.256271550716641
2012,4,30,2,0.452773063654243
2013,1,30,2,0.40819213620946
2013,2,30,2,0.268248709353527
2013,3,30,2,0.279645604298044
2013,4,30,2,0.454729403718674
2014,1,30,2,0.547920643789822
2014,2,30,2,0.549110596028772
2014,3,30,2,0.641643981099258
2014,4,30,2,0.667954543839021
2015,1,30,2,0.327521143511813
2015,2,30,2,0.288975831313788
2015,3,30,2,0.349514892352187
2015,4,30,2,0.250972072098936
2016,1,30,2,0.393375398208072
2016,2,30,2,0.245997035039612
2016,3,30,2,0.282336961528327
2016,4,30,2,0.356150668160616
2017,1,30,2,0.240455726259419
2017,2,30,2,0.244073225506065
2017,3,30,2,0.256288689373391
2017,4,30,2,0.257393664253325
2018,1,30,2,0.323261714485517
2018,2,30,2,0.233977074366374
2018,3,30,2,0.277934001103581
2018,4,30,2,0.367995727737476
2019,1,30,2,0.408347562162794
2019,2,30,2,0.320902665521409
2019,3,30,2,0.319466575936087
2019,4,30,2,0.375947925601278
2020,1,30,2,0.336896356713387
2020,2,30,2,0.268358999690607
2020,3,30,2,0.302160029159266
2020,4,30,2,0.264674395414777
2021,1,30,2,0.265770837561229
2021,2,30,2,0.260238640397179
2021,3,30,2,0.275420313347947
2021,4,30,2,0.333808349225255
2022,1,30,2,0.423930069973515
2022,2,30,2,0.181213760033857
2022,3,30,2,0.28050225488397
2022,4,30,2,0.336252957182964
2023,1,30,2,0.284756218448391
2023,2,30,2,0.307173871242997
2023,3,30,2,0.250174349579847
2023,4,30,2,0.265828473477153
2024,1,30,2,0.403777089217634
2024,2,30,2,0.377202255207511
2024,3,30,2,0.404955713801459
2024,4,30,2,0.388283678193118
1952,1,31,3,2.22895617574313
1952,2,31,3,0.968189408327411
1952,3,31,3,1.16621651697508
1952,4,31,3,0.991626460198686
1953,1,31,3,1.22127601371609
1953,2,31,3,1.52639933265742
1953,3,31,3,1.53120829889699
1953,4,31,3,1.66725670631949
1954,1,31,3,1.03551762898351
1954,2,31,3,0.927231472102211
1954,3,31,3,0.994237920103742
1954,4,31,3,0.828642886278706
1955,1,31,3,1.12246759443729
1955,2,31,3,0.995581869973365
1955,3,31,3,0.909513819861374
1955,4,31,3,0.96337731640578
1956,1,31,3,0.970180504793952
1956,2,31,3,1.30210851240363
1956,3,31,3,1.78806793145699
1956,4,31,3,1.21257719950695
1957,1,31,3,1.22009293590836
1957,2,31,3,1.5460344884917
1957,3,31,3,1.47501319252605
1957,4,31,3,1.62603527797266
1958,1,31,3,1.68048387261045
1958,2,31,3,1.58214267442051
1958,3,31,3,1.62469331066464
1958,4,31,3,1.69334322165538
1959,1,31,3,1.37564883349884
1959,2,31,3,1.28692466205407
1959,3,31,3,1.29322930138358
1959,4,31,3,0.9904446923139
1960,1,31,3,0.873024939010025
1960,2,31,3,0.840797376713381
1960,3,31,3,1.03935982182068
1960,4,31,3,0.953654204748447
1961,1,31,3,0.901809545084683
1961,2,31,3,1.03223360740479
1961,3,31,3,0.953112059703384
1961,4,31,3,0.927521455452529
1962,1,31,3,0.871691305838002
1962,2,31,3,0.825469847114946
1962,3,31,3,0.796920835442954
1962,4,31,3,0.846367212509595
1963,1,31,3,0.850555656144007
1963,2,31,3,0.901843337055069
1963,3,31,3,0.785998033850878
1963,4,31,3,0.863667209929138
1964,1,31,3,0.992288729241427
1964,2,31,3,0.726651860093878
1964,3,31,3,0.717719951801671
1964,4,31,3,0.643830756853717
1965,1,31,3,0.961267152136085
1965,2,31,3,0.959076552942352
1965,3,31,3,1.15173152435649
1965,4,31,3,0.920113931469371
1966,1,31,3,0.866905091497401
1966,2,31,3,0.766054575200824
1966,3,31,3,0.700360043524011
1966,4,31,3,0.829257220384772
1967,1,31,3,0.680158257111728
1967,2,31,3,0.725935206393781
1967,3,31,3,0.72830061734427
1967,4,31,3,0.775198281388595
1968,1,31,3,0.887822685040739
1968,2,31,3,0.821724403317331
1968,3,31,3,0.655245862569217
1968,4,31,3,0.786253554420353
1969,1,31,3,1.14076318150365
1969,2,31,3,0.936927637595885
1969,3,31,3,0.921128304339488
1969,4,31,3,0.721596391782071
1970,1,31,3,0.60568498263135
1970,2,31,3,0.687278075602657
1970,3,31,3,0.555878245185788
1970,4,31,3,0.473472345877459
1971,1,31,3,0.538729336909252
1971,2,31,3,0.610488400888852
1971,3,31,3,0.625766678527028
1971,4,31,3,0.630608937862071
1972,1,31,3,0.834628817398827
1972,2,31,3,0.882677872876993
1972,3,31,3,0.997795073906533
1972,4,31,3,0.971239565339262
1973,1,31,3,0.938681812357749
1973,2,31,3,0.650331823140216
1973,3,31,3,0.552767819969049
1973,4,31,3,0.531854959559263
1974,1,31,3,0.50623266870239
1974,2,31,3,0.703485986915967
1974,3,31,3,0.736406771231713
1974,4,31,3,0.797998816541283
1975,1,31,3,0.785891009642995
1975,2,31,3,0.860402235024249
1975,3,31,3,0.849187857268644
1975,4,31,3,0.90836001023105
1976,1,31,3,0.68875675318782
1976,2,31,3,0.953117030471092
1976,3,31,3,0.906189495172934
1976,4,31,3,0.969593871123614
1977,1,31,3,0.871416984303598
1977,2,31,3,0.908737106027134
1977,3,31,3,1.08907731432682
1977,4,31,3,1.24299993064599
1978,1,31,3,0.894284750134692
1978,2,31,3,0.806717549700128
1978,3,31,3,0.824964050861036
1978,4,31,3,0.777004464800254
1979,1,31,3,0.747310075066452
1979,2,31,3,1.00469655313513
1979,3,31,3,1.08282977233382
1979,4,31,3,0.936420344944294
1980,1,31,3,0.833516140685508
1980,2,31,3,0.897313555679974
1980,3,31,3,0.644180341039166
1980,4,31,3,0.545867322362614
1981,1,31,3,0.674020287940458
1981,2,31,3,0.590985239207267
1981,3,31,3,0.445922969866063
1981,4,31,3,0.549770221294399
1982,1,31,3,0.603045298911095
1982,2,31,3,0.582260507289939
1982,3,31,3,0.556818078371444
1982,4,31,3,0.819270963497543
1983,1,31,3,0.777276597331881
1983,2,31,3,0.826284799546587
1983,3,31,3,0.70480615536233
1983,4,31,3,0.787165316308535
1984,1,31,3,0.685560897912564
1984,2,31,3,0.61423715680817
1984,3,31,3,0.687374427077799
1984,4,31,3,0.77993061707631
1985,1,31,3,0.765625801616022
1985,2,31,3,0.721857054773554
1985,3,31,3,0.725122763999319
1985,4,31,3,0.945087592235808
1986,1,31,3,0.804208814425956
1986,2,31,3,0.749735447641666
1986,3,31,3,0.859474165064818
1986,4,31,3,1.07376422426531
1987,1,31,3,1.11164511056569
1987,2,31,3,1.03983848579219
1987,3,31,3,1.10801556642599
1987,4,31,3,0.955873252565279
1988,1,31,3,0.76918370990936
1988,2,31,3,0.658228213608388
1988,3,31,3,0.762085316078835
1988,4,31,3,0.718030635062503
1989,1,31,3,0.678774783093379
1989,2,31,3,0.849771897635961
1989,3,31,3,0.821690148510167
1989,4,31,3,1.01063275818049
1990,1,31,3,0.974610005723679
1990,2,31,3,0.912360828146855
1990,3,31,3,1.06881996639479
1990,4,31,3,0.954425308054069
1991,1,31,3,0.968646213922379
1991,2,31,3,0.86909977107294
1991,3,31,3,0.921288520241779
1991,4,31,3,0.77924454074815
1992,1,31,3,0.9080161162494
1992,2,31,3,1.1099075643089
1992,3,31,3,0.895641642827402
1992,4,31,3,0.903000272803607
1993,1,31,3,0.771478638699915
1993,2,31,3,0.869870349029495
1993,3,31,3,0.756754451697266
1993,4,31,3,0.798878591646151
1994,1,31,3,0.665835048700671
1994,2,31,3,0.835042462159447
1994,3,31,3,0.848180901286272
1994,4,31,3,0.930549245015554
1995,1,31,3,0.794827251845481
1995,2,31,3,0.728475793638064
1995,3,31,3,0.67322523249392
1995,4,31,3,0.692562987466812
1996,1,31,3,0.674556776374513
1996,2,31,3,0.794133313440692
1996,3,31,3,0.814992293904765
1996,4,31,3,0.792845407016947
1997,1,31,3,0.791836987623293
1997,2,31,3,0.801811874439889
1997,3,31,3,0.909543198927131
1997,4,31,3,1.50590988517357
1998,1,31,3,1.18684599589333
1998,2,31,3,0.910970968365888
1998,3,31,3,0.770685756322793
1998,4,31,3,0.627511900165996
1999,1,31,3,0.627082846637412
1999,2,31,3,0.611672924408114
1999,3,31,3,0.765902454965649
1999,4,31,3,0.746195080297334
2000,1,31,3,0.652141486779366
2000,2,31,3,0.695945526117461
2000,3,31,3,0.763854339577454
2000,4,31,3,0.744192306954421
2001,1,31,3,0.686562894791401
2001,2,31,3,0.876540110817881
2001,3,31,3,0.889000825596376
2001,4,31,3,0.868337364625746
2002,1,31,3,0.852905120476062
2002,2,31,3,1.07437846032629
2002,3,31,3,0.921819018898774
2002,4,31,3,0.830799878737122
2003,1,31,3,0.802863117482902
2003,2,31,3,0.607656380816711
2003,3,31,3,0.651088374511409
2003,4,31,3,0.771838229380988
2004,1,31,3,0.71696650218877
2004,2,31,3,0.783405147598887
2004,3,31,3,0.756710965594063
2004,4,31,3,0.726179628251343
2005,1,31,3,0.544665680753902
2005,2,31,3,0.466685205670798
2005,3,31,3,0.522881062663239
2005,4,31,3,0.593983506565508
2006,1,31,3,0.530678536314577
2006,2,31,3,0.63073219647776
2006,3,31,3,0.625465260410425
2006,4,31,3,0.691586943064302
2007,1,31,3,0.592782580539248
2007,2,31,3,0.512545088045964
2007,3,31,3,0.546329583388425
2007,4,31,3,0.560525539170586
2008,1,31,3,0.498646338187212
2008,2,31,3,0.551007713373101
2008,3,31,3,0.547945728260537
2008,4,31,3,0.714109514241222
2009,1,31,3,0.730912423235197
2009,2,31,3,0.63504337921023
2009,3,31,3,0.606200381204021
2009,4,31,3,0.612726220900717
2010,1,31,3,0.564082181488642
2010,2,31,3,0.465572193343439
2010,3,31,3,0.413409209170925
2010,4,31,3,0.436871583781884
2011,1,31,3,0.506831370949751
2011,2,31,3,0.567196002923341
2011,3,31,3,0.586670701918869
2011,4,31,3,0.651698596122139
2012,1,31,3,0.576834474484266
2012,2,31,3,0.664961694708031
2012,3,31,3,0.55359863033154
2012,4,31,3,0.521162900140213
2013,1,31,3,0.474822751126466
2013,2,31,3,0.438320216329682
2013,3,31,3,0.567262822818538
2013,4,31,3,0.665555166364208
2014,1,31,3,0.697701429287777
2014,2,31,3,0.811626964423878
2014,3,31,3,0.906405726451498
2014,4,31,3,0.85858509893276
2015,1,31,3,0.831173613618453
2015,2,31,3,0.774677678142631
2015,3,31,3,0.700408026058388
2015,4,31,3,0.853854568924881
2016,1,31,3,0.574821002344792
2016,2,31,3,0.415745779907309
2016,3,31,3,0.481388264081528
2016,4,31,3,0.459125843837664
2017,1,31,3,0.529938322002024
2017,2,31,3,0.488553240346768
2017,3,31,3,0.491153881019914
2017,4,31,3,0.472606730616845
2018,1,31,3,0.553526118751325
2018,2,31,3,0.545389691496738
2018,3,31,3,0.541496063075637
2018,4,31,3,0.633320137843499
2019,1,31,3,0.575690694446735
2019,2,31,3,0.492665193190353
2019,3,31,3,0.510885019991057
2019,4,31,3,0.503157656860715
2020,1,31,3,0.524962181179785
2020,2,31,3,0.383719416099916
2020,3,31,3,0.369072357971963
2020,4,31,3,0.480523339079378
2021,1,31,3,0.352899476846027
2021,2,31,3,0.54551353857732
2021,3,31,3,0.492457328271898
2021,4,31,3,0.473348511889643
2022,1,31,3,0.514181556132304
2022,2,31,3,0.456997832325951
2022,3,31,3,0.444581475550924
2022,4,31,3,0.395945531168377
2023,1,31,3,0.477231738443918
2023,2,31,3,0.597302248487085
2023,3,31,3,0.715489097928734
2023,4,31,3,0.599942991366517
2024,1,31,3,0.681780301009581
2024,2,31,3,0.583050971564724
2024,3,31,3,0.590994288763563
2024,4,31,3,0.594628515792045
1952,3,32,4,1.5762017940264
1952,4,32,4,1.21402390671264
1953,1,32,4,0.852531110897079
1953,2,32,4,2.1149236802208
1953,3,32,4,1.37823887271108
1953,4,32,4,0.955563254654651
1954,1,32,4,1.22505308679124
1954,2,32,4,1.25455843908233
1954,3,32,4,1.34438358328094
1954,4,32,4,1.19031147625923
1955,1,32,4,1.21681521519465
1955,2,32,4,1.78903771673336
1955,3,32,4,1.13404244808741
1955,4,32,4,1.60178381415459
1956,1,32,4,0.638357248136708
1956,2,32,4,1.45295774845878
1956,3,32,4,2.03442187586224
1956,4,32,4,2.2770650101951
1957,1,32,4,1.12720449656489
1957,2,32,4,1.50907736407066
1957,3,32,4,1.29572002681673
1957,4,32,4,1.34173316930903
1958,1,32,4,2.86522493350198
1958,2,32,4,1.14646512437308
1958,3,32,4,0.942428436585202
1958,4,32,4,0.901303488884819
1959,1,32,4,0.802117794691264
1959,2,32,4,1.07758674152825
1959,3,32,4,1.34783262093506
1959,4,32,4,1.29375667982886
1960,1,32,4,0.76812654336657
1960,2,32,4,0.796318437913237
1960,3,32,4,0.702824583470382
1960,4,32,4,0.567986842068525
1961,1,32,4,0.701372260115996
1961,2,32,4,1.17491243337781
1961,3,32,4,0.343371705209577
1961,4,32,4,0.516154461605812
1962,1,32,4,0.51408967013058
1962,2,32,4,2.08747190576126
1962,3,32,4,1.22437468062053
1962,4,32,4,1.10005945455904
1963,1,32,4,1.04842786223145
1963,2,32,4,1.48703189721165
1963,3,32,4,1.17115302246925
1963,4,32,4,1.20392969349796
1964,1,32,4,1.06713307445387
1964,2,32,4,1.05446846225059
1964,3,32,4,0.902267751911918
1964,4,32,4,1.13950292783161
1965,1,32,4,1.25508260164237
1965,2,32,4,1.44843236035994
1965,3,32,4,0.906980308299172
1965,4,32,4,0.810399711059369
1966,1,32,4,0.933612188064119
1966,2,32,4,1.31681269293576
1966,3,32,4,0.865698672595474
1966,4,32,4,1.3598347947718
1967,1,32,4,1.18951088609698
1967,2,32,4,1.38573264591331
1967,3,32,4,1.10148538976968
1967,4,32,4,1.23157711900487
1968,1,32,4,1.2032252988551
1968,2,32,4,1.24962817793851
1968,3,32,4,0.925942807889748
1968,4,32,4,0.926810291335876
1969,1,32,4,1.3043060525717
1969,2,32,4,1.11055238068253
1969,3,32,4,1.01752467162923
1969,4,32,4,1.45439385433849
1970,1,32,4,1.51320373099237
1970,2,32,4,1.13345279938744
1970,3,32,4,0.94428394314512
1970,4,32,4,1.21858914742662
1971,1,32,4,1.14745134928271
1971,2,32,4,1.10505656272777
1971,3,32,4,0.890975379384568
1971,4,32,4,0.891346478487137
1972,1,32,4,0.985821322775093
1972,2,32,4,1.17994969998464
1972,3,32,4,0.774640319856622
1972,4,32,4,0.794426925059705
1973,1,32,4,0.921527217837353
1973,2,32,4,0.914041482387464
1973,3,32,4,0.800768941355162
1973,4,32,4,0.735486056277188
1974,1,32,4,0.642562582956032
1974,2,32,4,0.702890473291793
1974,3,32,4,0.545953466133
1974,4,32,4,0.663039180962896
1975,1,32,4,0.811123827936112
1975,2,32,4,1.05580541999873
1975,3,32,4,1.1236414536376
1975,4,32,4,1.22926564940732
1976,1,32,4,1.31438431081192
1976,2,32,4,1.18520299144778
1976,3,32,4,0.892885573081781
1976,4,32,4,0.882012094459902
1977,1,32,4,0.860238485437957
1977,2,32,4,0.730261735490084
1977,3,32,4,0.569412712639525
1977,4,32,4,0.973127627041235
1978,1,32,4,0.788788917414853
1978,2,32,4,1.06148570741961
1978,3,32,4,0.906337466821721
1978,4,32,4,0.822248043256849
1979,1,32,4,0.88207219410068
1979,2,32,4,1.04430317882342
1979,3,32,4,0.889997509669842
1979,4,32,4,1.26132293991395
1980,1,32,4,1.09984023733623
1980,2,32,4,0.999569872535758
1980,3,32,4,0.941931570770285
1980,4,32,4,1.03433616768107
1981,1,32,4,0.603862189922223
1981,2,32,4,0.757769629665462
1981,3,32,4,1.05764880999147
1981,4,32,4,0.731603327997426
1982,1,32,4,0.552217084445675
1982,2,32,4,0.7552382850103
1982,3,32,4,0.641654638419036
1982,4,32,4,0.63332333408929
1983,1,32,4,0.991589934725187
1983,2,32,4,1.22121610841308
1983,3,32,4,0.628250216074615
1983,4,32,4,0.554601994711957
1984,1,32,4,0.88187713233578
1984,2,32,4,1.38494664472834
1984,3,32,4,0.817729173215839
1984,4,32,4,0.429834552450101
1985,1,32,4,0.891980540639458
1985,2,32,4,0.857320695750665
1985,3,32,4,0.845573482841016
1985,4,32,4,0.888015621812189
1986,1,32,4,0.704541144039633
1986,2,32,4,1.0070595987583
1986,3,32,4,0.81256551567962
1986,4,32,4,0.875570119368145
1987,1,32,4,0.745500419307183
1987,2,32,4,0.810439630387536
1987,3,32,4,0.798983610631531
1987,4,32,4,0.553126004523041
1988,1,32,4,0.488912997568699
1988,2,32,4,0.733478989593278
1988,3,32,4,0.603170892030522
1988,4,32,4,0.50657607787369
1989,1,32,4,0.395808920027663
1989,2,32,4,0.766686259856944
1989,3,32,4,0.595190305182197
1989,4,32,4,0.466110719547261
1990,1,32,4,0.674783725981686
1990,2,32,4,1.11120899465467
1990,3,32,4,0.809567859687979
1990,4,32,4,0.621998053735993
1991,1,32,4,1.10409801244501
1991,2,32,4,0.97257213179734
1991,3,32,4,0.644683052221334
1991,4,32,4,0.564195795772993
1992,1,32,4,0.677394937727917
1992,2,32,4,0.813654984292832
1992,3,32,4,0.593530037669637
1992,4,32,4,0.510131982330745
1993,1,32,4,0.511983378695945
1993,2,32,4,0.664352526780677
1993,3,32,4,0.650306016433268
1993,4,32,4,0.577399660541841
1994,1,32,4,0.664103424309819
1994,2,32,4,0.860217847271714
1994,3,32,4,0.569346009778549
1994,4,32,4,0.563723216850319
1995,1,32,4,0.568249613231154
1995,2,32,4,1.09360888302007
1995,3,32,4,0.768397433644742
1995,4,32,4,0.778036601204494
1996,1,32,4,0.817982793265291
1996,2,32,4,1.33736468343338
1996,3,32,4,1.20153594025805
1996,4,32,4,0.905864096334145
1997,1,32,4,0.939717628185717
1997,2,32,4,1.20746651550363
1997,3,32,4,0.965999496576654
1997,4,32,4,0.925523679559509
1998,1,32,4,0.945763088634421
1998,2,32,4,1.0844129792304
1998,3,32,4,0.922295318713707
1998,4,32,4,0.91427332040368
1999,1,32,4,0.722349566529477
1999,2,32,4,0.870584204457526
1999,3,32,4,0.842325905212189
1999,4,32,4,0.670985278389496
2000,1,32,4,0.801583512443055
2000,2,32,4,1.06509989510918
2000,3,32,4,0.985356406802069
2000,4,32,4,0.752350583487299
2001,1,32,4,0.753034699812906
2001,2,32,4,0.865225183303529
2001,3,32,4,1.19601674667729
2001,4,32,4,0.615047572004667
2002,1,32,4,0.625890402702865
2002,2,32,4,0.739162705289943
2002,3,32,4,0.623124245452429
2002,4,32,4,0.513442026180027
2003,1,32,4,0.551405406599035
2003,2,32,4,0.779141242822498
2003,3,32,4,0.484153120145253
2003,4,32,4,0.506779013575401
2004,1,32,4,0.511879550818236
2004,2,32,4,0.878157109370245
2004,3,32,4,0.695257758497831
2004,4,32,4,0.528278485945008
2005,1,32,4,0.554797640236765
2005,2,32,4,0.774360030850229
2005,3,32,4,0.536318534127054
2005,4,32,4,0.7134808030044
2006,1,32,4,0.457452426087941
2006,2,32,4,0.635273637758962
2006,3,32,4,0.394919314842991
2006,4,32,4,0.45252957129504
2007,1,32,4,0.574299484425685
2007,2,32,4,0.57155536251229
2007,3,32,4,0.526026819327603
2007,4,32,4,0.680293590988298
2008,1,32,4,0.499106791661303
2008,2,32,4,0.770953693373848
2008,3,32,4,0.535347307996485
2008,4,32,4,0.465193193298
2009,1,32,4,0.380316720449555
2009,2,32,4,0.549811400387674
2009,3,32,4,0.482492817903621
2009,4,32,4,0.442180231668716
2010,1,32,4,0.402076076758796
2010,2,32,4,0.524208115448261
2010,3,32,4,0.382039612437117
2010,4,32,4,0.280227414815461
2011,1,32,4,0.410922091711602
2011,2,32,4,0.699806884052894
2011,3,32,4,0.494644091535713
2011,4,32,4,0.331978705688277
2012,1,32,4,0.40634055414508
2012,2,32,4,0.599432112186647
2012,3,32,4,0.464082874977419
2012,4,32,4,0.303303040045869
2013,1,32,4,1.02355258085414
2013,2,32,4,0.60273511843961
2013,3,32,4,0.363050699289398
2013,4,32,4,0.302815996474086
2014,1,32,4,0.589963454673316
2014,2,32,4,0.619860198637412
2014,3,32,4,0.405649665148431
2014,4,32,4,0.42858799049476
2015,1,32,4,0.430155618512217
2015,2,32,4,0.57082492703519
2015,3,32,4,0.434011975499175
2015,4,32,4,0.412317141146066
2016,1,32,4,0.46582478065087
2016,2,32,4,0.531047474271692
2016,3,32,4,0.452561881577335
2016,4,32,4,0.35801437131445
2017,1,32,4,0.285681975095561
2017,2,32,4,0.399432708646338
2017,3,32,4,0.324040460730608
2017,4,32,4,0.253631023305319
2018,1,32,4,0.293366596102309
2018,2,32,4,0.455609403506523
2018,3,32,4,0.3487747271974
2018,4,32,4,0.278728298331261
2019,1,32,4,0.303121959955601
2019,2,32,4,0.3291049277024
2019,3,32,4,0.28227179219553
2019,4,32,4,0.227285199008285
2020,1,32,4,0.264202622367762
2020,2,32,4,0.30033668454996
2020,3,32,4,0.340252493475758
2020,4,32,4,0.283386122307894
2021,1,32,4,0.359825366815293
2021,2,32,4,0.447600476897182
2021,3,32,4,0.446047536373325
2021,4,32,4,0.284337272859727
2022,1,32,4,0.395960396087944
2022,2,32,4,0.475129730205748
2022,3,32,4,0.417414019846896
2022,4,32,4,0.388669329579322
2023,1,32,4,0.388332033703834
2023,2,32,4,0.38037720008429
2023,3,32,4,0.355185861077842
2023,4,32,4,0.261599355388077
2024,1,32,4,0.356180632325761
2024,2,32,4,0.400895807040096
2024,3,32,4,0.333354743948691
2024,4,32,4,0.279154671480302
1952,1,33,5,3.68699701419421
1952,2,33,5,1.37494193879288
1952,3,33,5,1.99694893126603
1952,4,33,5,1.07785076285413
1953,1,33,5,1.69548005779219
1953,2,33,5,1.30461383267598
1953,3,33,5,1.44007484028722
1953,4,33,5,1.53708815236256
1954,1,33,5,1.1410839721024
1954,2,33,5,0.554142485373912
1954,3,33,5,0.751248292766384
1954,4,33,5,0.773686371746821
1955,1,33,5,1.0511562001255
1955,2,33,5,1.13528021655035
1955,3,33,5,0.839659420519304
1955,4,33,5,0.951136303706345
1956,1,33,5,1.27466781802332
1956,2,33,5,0.967085980819762
1956,3,33,5,1.79046177882937
1956,4,33,5,0.932831556218774
1957,1,33,5,1.36595632075355
1957,2,33,5,1.6263951314504
1957,3,33,5,1.33381417627993
1957,4,33,5,1.16664657317429
1958,1,33,5,1.44247017420165
1958,2,33,5,1.21535591422359
1958,3,33,5,1.41840811386518
1958,4,33,5,1.08241803128093
1959,1,33,5,1.06043860958184
1959,2,33,5,1.18274360354732
1959,3,33,5,1.08123345647378
1959,4,33,5,1.35779267169883
1960,1,33,5,0.965901521934091
1960,2,33,5,1.09122202644495
1960,3,33,5,1.21257140802095
1960,4,33,5,1.57927019102576
1961,1,33,5,1.23926734479113
1961,2,33,5,1.55013745670861
1961,3,33,5,1.37129269863887
1961,4,33,5,1.02784172021544
1962,1,33,5,0.998511321821062
1962,2,33,5,1.04186584158836
1962,3,33,5,1.18384112081386
1962,4,33,5,1.19347462195617
1963,1,33,5,1.24186216256956
1963,2,33,5,1.22079100788079
1963,3,33,5,1.21130642832097
1963,4,33,5,1.04698921529856
1964,1,33,5,1.26899033764763
1964,2,33,5,1.08762892012455
1964,3,33,5,1.02337401238291
1964,4,33,5,0.993012536079703
1965,1,33,5,1.03735480205903
1965,2,33,5,0.995022450260925
1965,3,33,5,1.02619773775426
1965,4,33,5,0.875128522981603
1966,1,33,5,1.16166836392539
1966,2,33,5,1.11186989267429
1966,3,33,5,0.926035564683105
1966,4,33,5,0.911059011074375
1967,1,33,5,1.07728728220674
1967,2,33,5,1.10379217011297
1967,3,33,5,0.862269270472472
1967,4,33,5,0.712552655405828
1968,1,33,5,0.859736524647116
1968,2,33,5,0.922017191796755
1968,3,33,5,0.852305538782978
1968,4,33,5,0.888907267754441
1969,1,33,5,1.08356136662921
1969,2,33,5,1.05489522905563
1969,3,33,5,1.04193232442341
1969,4,33,5,1.02503042852053
1970,1,33,5,0.861708118656586
1970,2,33,5,0.736295292218667
1970,3,33,5,0.579897862330248
1970,4,33,5,0.573873717989895
1971,1,33,5,0.804637608824498
1971,2,33,5,0.723788276668853
1971,3,33,5,0.720369146020594
1971,4,33,5,0.601916127885196
1972,1,33,5,0.793072282044036
1972,2,33,5,1.02035361254826
1972,3,33,5,0.741710930769737
1972,4,33,5,0.612455754010656
1973,1,33,5,0.767972801443442
1973,2,33,5,0.764388291505565
1973,3,33,5,0.753845808923458
1973,4,33,5,0.553884497738354
1974,1,33,5,0.500746157930437
1974,2,33,5,0.6323738555609
1974,3,33,5,0.624497422446206
1974,4,33,5,0.595148046632842
1975,1,33,5,0.821147699926957
1975,2,33,5,1.37836063682211
1975,3,33,5,1.211124441573
1975,4,33,5,0.956491299421856
1976,1,33,5,1.03757293369038
1976,2,33,5,0.878311072942402
1976,3,33,5,0.630285604638836
1976,4,33,5,0.639583900491608
1977,1,33,5,0.767273126418429
1977,2,33,5,0.896116591624878
1977,3,33,5,0.934232075287982
1977,4,33,5,1.21706245446384
1978,1,33,5,1.18732298385768
1978,2,33,5,0.936251755024939
1978,3,33,5,0.986260965784687
1978,4,33,5,0.856670060985081
1979,1,33,5,0.743900536998836
1979,2,33,5,0.987333001380756
1979,3,33,5,1.02776914913626
1979,4,33,5,1.1091548732481
1980,1,33,5,0.694847358183985
1980,2,33,5,0.835538111773966
1980,3,33,5,0.72152902483724
1980,4,33,5,0.602181218524714
1981,1,33,5,0.70514010163911
1981,2,33,5,0.638014550267977
1981,3,33,5,0.601568067180258
1981,4,33,5,0.538493147399983
1982,1,33,5,0.583086406980895
1982,2,33,5,0.868359449617849
1982,3,33,5,0.714092901548154
1982,4,33,5,0.9603418001561
1983,1,33,5,1.27957593691605
1983,2,33,5,1.44705835347404
1983,3,33,5,0.774896317288931
1983,4,33,5,0.634414965290153
1984,1,33,5,0.764676830556541
1984,2,33,5,0.782139612412066
1984,3,33,5,0.74386743183372
1984,4,33,5,0.673198847326136
1985,1,33,5,0.855855301852285
1985,2,33,5,0.767327980485541
1985,3,33,5,0.813853836524151
1985,4,33,5,0.877044978793754
1986,1,33,5,0.65406844772288
1986,2,33,5,0.774659022315372
1986,3,33,5,0.842850334002898
1986,4,33,5,0.833917377172212
1987,1,33,5,1.05139586525315
1987,2,33,5,1.0161477175905
1987,3,33,5,1.06065506486333
1987,4,33,5,0.877811159992038
1988,1,33,5,0.71131884483947
1988,2,33,5,0.628907845137958
1988,3,33,5,0.561819498748657
1988,4,33,5,0.514724921782619
1989,1,33,5,0.5028872853335
1989,2,33,5,0.544237914246054
1989,3,33,5,0.657244789926595
1989,4,33,5,0.534482014500172
1990,1,33,5,0.535775940369151
1990,2,33,5,0.866525388519042
1990,3,33,5,0.96785969195784
1990,4,33,5,0.756119033583955
1991,1,33,5,0.670936712898034
1991,2,33,5,1.05014259203394
1991,3,33,5,1.07837250272652
1991,4,33,5,0.785061636495234
1992,1,33,5,1.01224082204257
1992,2,33,5,0.962548660154465
1992,3,33,5,1.08087014370344
1992,4,33,5,0.920960610619549
1993,1,33,5,0.628522996442736
1993,2,33,5,1.15545017054089
1993,3,33,5,0.901881290191031
1993,4,33,5,0.993977785474582
1994,1,33,5,0.652828581302708
1994,2,33,5,0.922588960174977
1994,3,33,5,1.21439437177733
1994,4,33,5,1.34513016967728
1995,1,33,5,0.817834558349893
1995,2,33,5,0.748456916642929
1995,3,33,5,0.7309052536235
1995,4,33,5,0.67461255530798
1996,1,33,5,0.494223244819079
1996,2,33,5,0.716615026581541
1996,3,33,5,0.705135039549888
1996,4,33,5,0.5961571474092
1997,1,33,5,0.690191354422485
1997,2,33,5,1.03175494721499
1997,3,33,5,1.16103327500755
1997,4,33,5,1.50660540707726
1998,1,33,5,1.92256454642571
1998,2,33,5,1.23685453406224
1998,3,33,5,0.821075186725857
1998,4,33,5,0.59946282859395
1999,1,33,5,0.534240371750908
1999,2,33,5,0.694572085713888
1999,3,33,5,0.559838475453688
1999,4,33,5,0.677927771567317
2000,1,33,5,0.61339012317121
2000,2,33,5,0.680799917134312
2000,3,33,5,0.647439668259536
2000,4,33,5,0.512973318557894
2001,1,33,5,0.480335066703432
2001,2,33,5,0.672455073053645
2001,3,33,5,0.771214383556672
2001,4,33,5,0.530212571354754
2002,1,33,5,0.632346792365231
2002,2,33,5,0.879747190183958
2002,3,33,5,0.939552753463504
2002,4,33,5,0.913373602892722
2003,1,33,5,0.634594510432168
2003,2,33,5,0.414123454538642
2003,3,33,5,0.389526631011287
2003,4,33,5,0.506796327283684
2004,1,33,5,0.602551661092949
2004,2,33,5,0.948947758389126
2004,3,33,5,0.651146875364045
2004,4,33,5,0.676102876547197
2005,1,33,5,0.580719644713766
2005,2,33,5,0.65678083766233
2005,3,33,5,0.616367610221168
2005,4,33,5,0.690558082821374
2006,1,33,5,0.500703091523978
2006,2,33,5,0.582673068119305
2006,3,33,5,0.792948598670705
2006,4,33,5,0.7940628870859
2007,1,33,5,0.820587983919689
2007,2,33,5,0.694726621401958
2007,3,33,5,0.715987478587857
2007,4,33,5,0.525037018696228
2008,1,33,5,0.384427592355515
2008,2,33,5,0.523137879010821
2008,3,33,5,0.67493702069265
2008,4,33,5,0.70910381208771
2009,1,33,5,0.560599395170943
2009,2,33,5,0.570926083041436
2009,3,33,5,0.589063708197105
2009,4,33,5,0.567439992066843
2010,1,33,5,0.586466456746074
2010,2,33,5,0.512909326217267
2010,3,33,5,0.434956194058333
2010,4,33,5,0.368524392451389
2011,1,33,5,0.38176636934949
2011,2,33,5,0.474530737987724
2011,3,33,5,0.453200637113826
2011,4,33,5,0.407075552375519
2012,1,33,5,0.412987013792142
2012,2,33,5,0.506951841881496
2012,3,33,5,0.475538099211989
2012,4,33,5,0.481362521225423
2013,1,33,5,0.269115629883212
2013,2,33,5,0.307171871225619
2013,3,33,5,0.429736702810942
2013,4,33,5,0.633263963620274
2014,1,33,5,0.464022277432071
2014,2,33,5,0.528573256247252
2014,3,33,5,0.535449305572709
2014,4,33,5,0.802863215424077
2015,1,33,5,0.620036200225716
2015,2,33,5,0.574748315151471
2015,3,33,5,0.71212515338285
2015,4,33,5,0.866944221173817
2016,1,33,5,0.521846385471547
2016,2,33,5,0.322322413185586
2016,3,33,5,0.325708447041813
2016,4,33,5,0.48847053553358
2017,1,33,5,0.337227960821715
2017,2,33,5,0.366548234670367
2017,3,33,5,0.422126400405227
2017,4,33,5,0.432805090903007
2018,1,33,5,0.323971207193025
2018,2,33,5,0.307171642099393
2018,3,33,5,0.353578430148915
2018,4,33,5,0.527010762797578
2019,1,33,5,0.469078972642192
2019,2,33,5,0.447443945146984
2019,3,33,5,0.342539699733365
2019,4,33,5,0.28807473920796
2020,1,33,5,0.344215732417861
2020,2,33,5,0.345121846113758
2020,3,33,5,0.31753335213611
2020,4,33,5,0.487253947072768
2021,1,33,5,0.306999535563721
2021,2,33,5,0.401638131357311
2021,3,33,5,0.381115425743672
2021,4,33,5,0.369799680890876
2022,1,33,5,0.391105634040245
2022,2,33,5,0.367453087008223
2022,3,33,5,0.338520918809982
2022,4,33,5,0.381127041500769
2023,1,33,5,0.437351633028663
2023,2,33,5,0.439256535513683
2023,3,33,5,0.522519707035175
2023,4,33,5,0.467799419046471
2024,1,33,5,0.520828966294283
2024,2,33,5,0.354711841830283
2024,3,33,5,0.362895384379374
2024,4,33,5,0.359379261520696
