"file","bytes"
"bet-2026-diagnostic-report.html",53437575
"bet-2026-likelihood-profile-viewer.html",678003
"figure-captions.csv",10785
"figures/aspm-comparison.pdf",24628
"figures/aspm-comparison.png",386889
"figures/cpue-fit-residuals.pdf",163898
"figures/cpue-fit-residuals.png",2608304
"figures/diagnostic-population-dynamics.pdf",30890
"figures/diagnostic-population-dynamics.png",516338
"figures/hessian-parameter-scales.pdf",89296
"figures/hessian-parameter-scales.png",193934
"figures/jitter-diagnostics.pdf",31181
"figures/jitter-diagnostics.png",327786
"figures/likelihood-profile-caal-region-detail.pdf",19798
"figures/likelihood-profile-caal-region-detail.png",145209
"figures/likelihood-profile-components.pdf",19154
"figures/likelihood-profile-components.png",270154
"figures/likelihood-profile-cpue-detail.pdf",20189
"figures/likelihood-profile-cpue-detail.png",143476
"figures/likelihood-profile-lf-detail.pdf",30887
"figures/likelihood-profile-lf-detail.png",396088
"figures/likelihood-profile-penalty-detail.pdf",27716
"figures/likelihood-profile-penalty-detail.png",333128
"figures/likelihood-profile-tag-detail.pdf",18863
"figures/likelihood-profile-tag-detail.png",115988
"figures/retrospective-diagnostics.pdf",34537
"figures/retrospective-diagnostics.png",798014
"figures/self-test-diagnostics.pdf",59438
"figures/self-test-diagnostics.png",386214
"latex-table-validation.aux",4382
"latex-table-validation.log",6954
"latex-table-validation.pdf",26381
"latex-table-validation.tex",767
"mfclshiny-selection.json",7322
"mfclshiny/age-data-coverage.pdf",29762
"mfclshiny/age-data-coverage.png",308428
"mfclshiny/age-data-fit-by-region.pdf",107841
"mfclshiny/age-data-fit-by-region.png",521500
"mfclshiny/age-data-fit.pdf",33359
"mfclshiny/age-data-fit.png",262559
"mfclshiny/age-data-growth-by-region.pdf",79682
"mfclshiny/age-data-growth-by-region.png",466320
"mfclshiny/age-data-residuals-by-region.pdf",69014
"mfclshiny/age-data-residuals-by-region.png",154424
"mfclshiny/analysis-manifest.csv",152
"mfclshiny/analysis-manifest.json",810
"mfclshiny/catch-by-fishery-fits.pdf",89906
"mfclshiny/catch-by-fishery-fits.png",615787
"mfclshiny/depletion-by-area.pdf",12044
"mfclshiny/depletion-by-area.png",190948
"mfclshiny/f-juvenile-adult-by-area.pdf",28943
"mfclshiny/f-juvenile-adult-by-area.png",285963
"mfclshiny/figure-index.csv",29646
"mfclshiny/figures/age-data-coverage.pdf",36432
"mfclshiny/figures/age-data-coverage.png",725920
"mfclshiny/figures/age-data-fit-by-region.pdf",146294
"mfclshiny/figures/age-data-fit-by-region.png",1533128
"mfclshiny/figures/age-data-fit.pdf",33561
"mfclshiny/figures/age-data-fit.png",614785
"mfclshiny/figures/age-data-growth-by-region.pdf",79382
"mfclshiny/figures/age-data-growth-by-region.png",1610495
"mfclshiny/figures/age-data-residuals-by-region.pdf",82620
"mfclshiny/figures/age-data-residuals-by-region.png",149428
"mfclshiny/figures/catch-by-fishery-fits.pdf",89906
"mfclshiny/figures/catch-by-fishery-fits.png",615787
"mfclshiny/figures/depletion-by-area.pdf",17530
"mfclshiny/figures/depletion-by-area.png",304224
"mfclshiny/figures/f-juvenile-adult-by-area.pdf",21351
"mfclshiny/figures/f-juvenile-adult-by-area.png",672374
"mfclshiny/figures/fishery-process.pdf",21257
"mfclshiny/figures/fishery-process.png",1047419
"mfclshiny/figures/fishery-selectivity-length.pdf",21396
"mfclshiny/figures/fishery-selectivity-length.png",1146497
"mfclshiny/figures/growth-curve.pdf",13942
"mfclshiny/figures/growth-curve.png",72054
"mfclshiny/figures/length-frequency-residuals.pdf",114054
"mfclshiny/figures/length-frequency-residuals.png",695211
"mfclshiny/figures/length-frequency.pdf",115038
"mfclshiny/figures/length-frequency.png",470265
"mfclshiny/figures/population-biology.pdf",19500
"mfclshiny/figures/population-biology.png",128949
"mfclshiny/figures/recruitment-by-area.pdf",17769
"mfclshiny/figures/recruitment-by-area.png",790198
"mfclshiny/figures/region-map.pdf",194368
"mfclshiny/figures/region-map.png",719435
"mfclshiny/figures/regional-movement.pdf",19563
"mfclshiny/figures/regional-movement.png",153646
"mfclshiny/figures/spawning-potential-with-without-fishing.pdf",31583
"mfclshiny/figures/spawning-potential-with-without-fishing.png",216139
"mfclshiny/figures/tag-attrition-by-program.pdf",17879
"mfclshiny/figures/tag-attrition-by-program.png",308610
"mfclshiny/figures/tag-returns-all.pdf",17462
"mfclshiny/figures/tag-returns-all.png",125820
"mfclshiny/figures/tag-returns-by-group.pdf",42534
"mfclshiny/figures/tag-returns-by-group.png",321312
"mfclshiny/figures/total-biomass-with-without-fishing.pdf",31664
"mfclshiny/figures/total-biomass-with-without-fishing.png",231116
"mfclshiny/figures/total-catch-fits.pdf",17289
"mfclshiny/figures/total-catch-fits.png",159172
"mfclshiny/fishery-process.pdf",26287
"mfclshiny/fishery-process.png",234126
"mfclshiny/fishery-selectivity-length.pdf",26055
"mfclshiny/fishery-selectivity-length.png",236844
"mfclshiny/growth-curve.pdf",13942
"mfclshiny/growth-curve.png",72054
"mfclshiny/length-frequency-residuals.pdf",114054
"mfclshiny/length-frequency-residuals.png",695211
"mfclshiny/length-frequency.pdf",115038
"mfclshiny/length-frequency.png",470265
"mfclshiny/mfclshiny-app-report-summary.csv",255
"mfclshiny/mfclshiny-figure-build-log.csv",4138
"mfclshiny/mfclshiny-figure-index.csv",29646
"mfclshiny/mfclshiny-report-figures.qmd",25567
"mfclshiny/mfclshiny-report-files.csv",5548
"mfclshiny/mfclshiny-report-summary.csv",198
"mfclshiny/mfclshiny-table-build-log.csv",35
"mfclshiny/mfclshiny-table-index.csv",110
"mfclshiny/population-biology.pdf",19500
"mfclshiny/population-biology.png",128949
"mfclshiny/recruitment-by-area.pdf",18444
"mfclshiny/recruitment-by-area.png",346488
"mfclshiny/region-map.pdf",204730
"mfclshiny/region-map.png",349388
"mfclshiny/regional-movement.pdf",19563
"mfclshiny/regional-movement.png",153646
"mfclshiny/report-files.csv",5548
"mfclshiny/report-selection.csv",3114
"mfclshiny/report-selection.json",7322
"mfclshiny/spawning-potential-with-without-fishing.pdf",31583
"mfclshiny/spawning-potential-with-without-fishing.png",216139
"mfclshiny/table-index.csv",110
"mfclshiny/tag-attrition-by-program.pdf",15118
"mfclshiny/tag-attrition-by-program.png",160286
"mfclshiny/tag-returns-all.pdf",17462
"mfclshiny/tag-returns-all.png",125820
"mfclshiny/tag-returns-by-group.pdf",42534
"mfclshiny/tag-returns-by-group.png",321312
"mfclshiny/total-biomass-with-without-fishing.pdf",31664
"mfclshiny/total-biomass-with-without-fishing.png",231116
"mfclshiny/total-catch-fits.pdf",17289
"mfclshiny/total-catch-fits.png",159172
"report-manifest.csv",7611
"tables/aspm-terminal-summary.csv",192
"tables/aspm-terminal-summary.tex",1141
"tables/diagnostic-check-summary.csv",272
"tables/diagnostic-check-summary.tex",947
"tables/fishery-grouping.csv",1598
"tables/fishery-grouping.tex",4056
"tables/hessian-summary.csv",177
"tables/hessian-summary.tex",728
"tables/jitter-summary.csv",148
"tables/jitter-summary.tex",683
"tables/model-fit-summary.csv",257
"tables/model-fit-summary.tex",824
"tables/objective-components.csv",215
"tables/objective-components.tex",942
"tables/recent-stock-status.csv",219
"tables/recent-stock-status.tex",1170
"tables/retrospective-summary.csv",143
"tables/retrospective-summary.tex",726
"tables/self-test-summary.csv",213
"tables/self-test-summary.tex",1128
"tables/tag-attrition-validation.csv",2543
"tables/tag-release-groups.csv",296
"tables/tag-release-groups.tex",1393
"tables/tag-reporting-rate-groups.csv",1855
"tables/tag-reporting-rate-groups.tex",3818
"viewer/bet-2026-likelihood-profile-viewer.html",678003
