path,bytes,sha256,mode
.gitattributes,332,3517cbcbfd0494b55f8035f7d3417349d2c6272cf71d6152c2bc0865077bc163,420
.github/workflows/release-final-outputs.yml,5111,fae5517361fc26adabd4a9822b2dc522a24863d61daec69a78cd53e57ab17a00,420
.github/workflows/render-diagnostic-report.yml,9052,83fe243a5aaa6ae83b86ff355bc31e17afc6d0bb56274c713660e7ed90ce7204,420
.github/workflows/validate.yml,1628,cd8e5c720ec9b44049f6e731cc417d0f4d79d9ad0ed219aa755904be6f49f80a,420
.gitignore,1014,899d361e652c53260b13e5bcaa0870254a09a8ec28e938152b92d878d9192924,420
BUNDLED.sha256,74,d4dff027c4598f3c85b7cfe98804fc533155cf190574b44ec6f4c97b87fb5ad8,420
JOB19835_COMPARISON.md,1758,f178c4504bf0b44bbe4d7f9bf2fc58725d692086deb06b40a681c2a712cb0fcf,420
MFCL/11.par,2956535,bca611a59ed6c41fe08ebd6a59a0370011921438459ab39f8509ac4dbed9c29d,420
MFCL/BUILD-INFO.txt,1345,ef184d2a4286af3adbb4a672374568f0361c150712c3d581cab11831e66e395a,420
MFCL/PROVENANCE.md,2742,d5c81f887c082aaa3e16b87adbefd994dd001e277d3d1f275298719955c2ca44,420
MFCL/README.txt,2361,84b73e15788117f0d9c94a96c972be465c0b00c69cf6c282cbfa467645589ab1,420
MFCL/bet-2026-diagnostic-standalone.contents.sha256,7357,e75443f0c57626751c20efbac9b7a274d112228a51ba191eb89e0ad10dda6892,420
MFCL/bet-2026-diagnostic-standalone.zip,29254019,9352e75da2bb152b4f5368d48c68e1dbaf9ba0eee840a49eb421e79295419c32,420
MFCL/bet-2026-diagnostic-standalone.zip.sha256,101,c1134343accc13610cc506302e5f927984e54afd3455b8e4fb52ef7ca8dabc76,420
MFCL/bet.age_length,1403841,426859b825bd815aa69c8d97c9dd93097027ed1eb6b9e444d88b69562097a00c,420
MFCL/bet.frq,2932052,d0d84f0a498e6a62681f2a58ffc1ba53dab9e3d6af856b4ad1fd907196250004,420
MFCL/bet.ini,66791,fbd064c3d0ccb4d2e1b9beb06fe3eacf0180677821e6a1773d20b308474d984e,420
MFCL/bet.reg_scaling,1186,5f047ddb4053d1f6df9ace18e85e440b11553de246d024ce8138b427f5f9f7e3,420
MFCL/bet.tag,110051,b140e66eb52f2b7e022ef2c562134f8bc9baf3dede18ce95283a001acd2b013f,420
MFCL/catch.rep,68905,11a4ddf1836e5bd27dc230fad171d7ba89a4946178a5bed16158f907ddda1ae3,420
MFCL/doitall.sh,50762,96ea1dae6e8119a142d6a9cc3f5c3b99d20da8e31b1067e02e5701fbb0bf51fa,493
MFCL/final.par,2956541,21dcaea9db8c89ddc8c29fa3c3a5e514b50bef6e26587c168c00c05f35fbebc3,420
MFCL/final.par.sha256,76,c882f5a33bafa654b127663c5caeef54c2ad5cd41e2a7c19dab53a0c50ef4c9c,420
MFCL/fishery-grouping.csv,1598,32b69cb1d3d65f5b82b9d52763a3ddaa0b989c6167d3945d157f8e529ea78042,420
MFCL/indepvar.rpt,150850,135a1314ee6dfb2f35190cbf5e6c62c62469bbd3f5df2731b5f7050cad4aabde,420
MFCL/length.fit,68800931,142d1f396dd09d0b9836eb3c4cbdf162010c97ae3359ba415d812921b22e7b2d,420
MFCL/manifest.json,8053,10c4433ecd3bc54a7390efc5c35868fd071d84d680cae352eebf2c90340b128d,420
MFCL/mfcl.cfg,31,2ec8a291fae62c6f37541aec1de37444626d42b3290b371bb42b63d510034eae,420
MFCL/mfclo64,9433720,8995f72019869863c1d1c0b4f44fc6a6268d1f79031f5bc79dc354ee10f0a63e,493
MFCL/plot-11.par.rep,2846950,bdc4468ea540da966bed821c2179c0d0e8bcc82698d4ac4665bfa04685928e3f,420
MFCL/run-final,2608,df2d957a92b0fc592e6e04f9e324ae57795677dfb684d229061c8e42f0989622,493
MFCL/standalone-final-evaluation.log,29497,4c279780c20f69ab8907aa17246a80ebf30410f090e582ec50ffa8da5f6ad25b,420
MFCL/temporary_tag_report,25623859,2c98dbdea63c21a70b5da8ce6d0a2583fb92b39879058382f0e1957cb879ded1,420
MFCL/test_plot_output,1645911,67df33efb11896d615065fa68f42b774ca17dba64f1c4a5230031e7236844838,420
PROVENANCE.md,2742,d5c81f887c082aaa3e16b87adbefd994dd001e277d3d1f275298719955c2ca44,420
TAU2_FIXED_HEADER.sh,1295,9b79bc8e13bc79f6163d111689c90dec1d8bf7256ef357a980d368fc2e56bed9,420
TAU2_FIXED_SNIPPET.md,626,48a0b2d40f1bad1c74d3daf33f36a240b02ebc515160f15cca7d83efd96d0303,420
diagnostic-report-output/bet-2026-diagnostic-report.html,72266332,c8788b43672feb0fb1999e26b78ad47d319f165b48f6fc64daeef4e474d85264,420
diagnostic-report-output/figure-captions.csv,12782,fa8fd951e0e412d48beddfb6f3f6aa87ad915cd48dea3eb84e0957cdf5886c8b,420
diagnostic-report-output/figures/aspm-comparison.png,386969,166dfb4bb65d00bd91a29abb3f1ae188752943d39e9762d9676b90511cefb8e7,420
diagnostic-report-output/figures/cpue-fit-residuals.png,2922764,8a16e26c451a9f1b9df2f8398f933e08b44616d006d3a3f980708cc94f7a90cb,420
diagnostic-report-output/figures/diagnostic-population-dynamics.png,515365,41675d3f91c3a3b38232ca6c5782671f5630a3db9267e012df67b527fd9ed13c,420
diagnostic-report-output/figures/hessian-parameter-scales.png,194090,ad4b0ce3a23d0b082c8b557c38f022d1dbabc0a88a7da01bcaf2d5fccca4a700,420
diagnostic-report-output/figures/jitter-diagnostics.png,329178,092390ba691ec00231291919c2bb4745c1a330452a2f86e2437361d14312f004,420
diagnostic-report-output/figures/likelihood-profile-caal-region-detail.png,205891,1f2fd9dd19a3953e83c139830c7edbf7b4e236953d0da3b44d24d9293483603d,420
diagnostic-report-output/figures/likelihood-profile-components.png,230558,bfdba35f1e39acb346b9f6d614e238e7768d2f20fb85abef137251b5c77a88f3,420
diagnostic-report-output/figures/likelihood-profile-cpue-detail.png,227083,b256d5f3f7033d2227b3870a264d7475df287ec6f2c7a4d291d438c882d5a5a5,420
diagnostic-report-output/figures/likelihood-profile-lf-detail.png,212121,9c2d22dd2c2a0ba1c403fb09f07a85420b8c3849592b0219dc4aeee87ed7dac9,420
diagnostic-report-output/figures/likelihood-profile-penalty-detail.png,368487,fd17e2ab8313dda86e7c9a9589ef990060ab3ae2fc64840bd7358c2d3553df23,420
diagnostic-report-output/figures/likelihood-profile-tag-detail.png,168033,7a2c4b411588b207fe94cd462bd24ac301114a39aaca772d321a5022477262c6,420
diagnostic-report-output/figures/retrospective-diagnostics.png,787129,b028e3c7d3d4b54a13fa248a04475f197b863cf6d989e6e49e691bc54a004a26,420
diagnostic-report-output/figures/self-test-diagnostics.png,405048,c328a5711af96affda50c30a5cb480ace599ad884f6aec1d8361920f9b06bc6f,420
diagnostic-report-output/figures/stock-recruitment.png,224324,02a6e8b869889da972cfe4ad62d705c29e643711e419755efa28e59a4c0f9ccf,420
diagnostic-report-output/mfclshiny/figures/age-data-coverage.png,704278,bc20d8e0ffb8324ae73c8a86b1342cc4937a5c2462f82545a2ded00179dc666b,420
diagnostic-report-output/mfclshiny/figures/age-data-fit-by-region.png,1581807,c7ea9ea6182bcbd58c97d9826309d8e73be0de37ef6cc7b3311fcf6bf906b51b,420
diagnostic-report-output/mfclshiny/figures/age-data-fit.png,608950,21b95f0ba5d0d60dd3cc3c35e01de5ebd6927536c363159997fb6024b22c22b0,420
diagnostic-report-output/mfclshiny/figures/age-data-growth-by-region.png,1606599,086170295ba3fdde48c3b2c08379fd2f79e169cea44c3233432e8f8c5362b4cf,420
diagnostic-report-output/mfclshiny/figures/age-data-residuals-by-region.png,150438,641bc681b0cc9360b2cb8a63e15d8cb2e2d76cd5e297d73b6bcaad7401a72160,420
diagnostic-report-output/mfclshiny/figures/catch-by-fishery-fits.png,1974942,023b17bd574612f7933dcfa04228bceb7d7266d245e6da09de54b61f5e2647c5,420
diagnostic-report-output/mfclshiny/figures/depletion-by-area.png,301546,e8f2fb07ba8b1465491c2a26e164168b074383301b536493633a773c4d366b94,420
diagnostic-report-output/mfclshiny/figures/f-juvenile-adult-by-area.png,951086,eb5221d22cc7198dba310e8c7d63ee8ecc073a53034dd85da4ba2939fdd704dd,420
diagnostic-report-output/mfclshiny/figures/fishery-process.png,781842,490220353536348b921402bb6d96a56f92bc0405e54b53102d1db05ce8dc9074,420
diagnostic-report-output/mfclshiny/figures/fishery-selectivity-length.png,829818,5d116aeccb6b744977d30cf9330477ce800aac0119268995ac018d354d991e89,420
diagnostic-report-output/mfclshiny/figures/growth-curve.png,182236,8e0cc64bde38e6d04eda5597cde274c56b1c9ec1c9da58465e298c5a45b54900,420
diagnostic-report-output/mfclshiny/figures/length-frequency-fit-by-region.png,694521,543c1de1bf5d7700bb26f3f62a14bf12f2e1135eab186694ab61acaa4ba67404,420
diagnostic-report-output/mfclshiny/figures/length-frequency-residuals.png,2172588,de1bf3792988ccd403bf9cb1c92075733279f96f9ddee2ff516d813588795321,420
diagnostic-report-output/mfclshiny/figures/length-frequency.png,1184439,74b12fce9ac344223014187b69f91b526836de6adbf4709946b67c74a5366e54,420
diagnostic-report-output/mfclshiny/figures/population-biology.png,259571,d5331711dcab9d22fbdb7d25416cc6bdb6b28949d4a2af6c284dd05664674449,420
diagnostic-report-output/mfclshiny/figures/recruitment-by-area.png,1034283,9251311f6fdec2fae8a8fb8ca1d1f36cfad66d167d440a4a501a4ecea889109d,420
diagnostic-report-output/mfclshiny/figures/region-map.png,683226,73c774045f804bc454bb06a4ede49dbffcf59d3d1454f700013e479949e43bf3,420
diagnostic-report-output/mfclshiny/figures/regional-movement.png,151049,57e0ddb4f20a069d684b43532aa17834449f0d855a307b6f81c1bc8a5d5e1b5d,420
diagnostic-report-output/mfclshiny/figures/spawning-potential-with-without-fishing.png,460358,fd4cc69a926b635d055967c4fa4c21a260aafe8c0f4c897df25d194b71775736,420
diagnostic-report-output/mfclshiny/figures/tag-attrition-by-program.png,308329,161afd0ba3764dc2261a23fe02d17c1b9df73369723cdd172de852ca18ccbc8a,420
diagnostic-report-output/mfclshiny/figures/tag-reporting-rates-active.png,358877,610f84ed9d63f4cd2f42e719c6e02a4adf4d3cfabe0e1c730fd5d1ebf6a79f6e,420
diagnostic-report-output/mfclshiny/figures/tag-returns-all.png,273925,809ccf71dba1ade0b79b7e4435c60fc13571e42fc862c4da4fff2d9e8ec4c711,420
diagnostic-report-output/mfclshiny/figures/tag-returns-by-group.png,912512,34164c54c202e737cf5d50d6aa712cef6acee6d2568182f32c1083eb047bd16d,420
diagnostic-report-output/mfclshiny/figures/total-biomass-with-without-fishing.png,678047,1e75812c074e9be51c80d41a414fbeeb467a8915704f5520a308a508242c56cd,420
diagnostic-report-output/mfclshiny/figures/total-catch-fits.png,362255,0886e2d2b7ba8199a1d9f5906414dc2d81bc08a2ec2fce8bfb425e581a2fdbab,420
diagnostic-report-output/report-manifest.csv,8087,425f509a69d0d067577c8a6111354068df2cc725ccba2154e4faaa94d9020792,420
diagnostic-report-output/tables/aspm-terminal-summary.csv,192,39e4f086771334f7b3b31c3af3ba32137fbcf46f4828331ffe6436dd10a98a4f,420
diagnostic-report-output/tables/aspm-terminal-summary.tex,1141,be549f8d62a41d002b050446eb6106e5871f293740dd48b08499969d2b7a203c,420
diagnostic-report-output/tables/diagnostic-check-summary.csv,272,72dd5fe6284a25579921c19405dce31fb6e9abaac0e90b2e5d57654a6ca4f44a,420
diagnostic-report-output/tables/diagnostic-check-summary.tex,947,9a35319935c77cc2dd28f33cc8192e5ee16d8d80a9282f3d144ee8017450702a,420
diagnostic-report-output/tables/fishery-grouping.csv,1598,32b69cb1d3d65f5b82b9d52763a3ddaa0b989c6167d3945d157f8e529ea78042,420
diagnostic-report-output/tables/fishery-grouping.tex,4056,b264d4e4a63af088b7fd3a8426b7a9ec55879b37c996a9f5498b4b6df7b5445c,420
diagnostic-report-output/tables/hessian-summary.csv,177,6cb60ee5dfa477eb136c67a6100f940b1359c1ccc382343948eb1e5490275ec4,420
diagnostic-report-output/tables/hessian-summary.tex,728,a15c241313de770d5c9244a0630aef032a8037df12bfbca328346f421debf3ab,420
diagnostic-report-output/tables/jitter-summary.csv,148,30a2d2c255632fdae87cfa92fc900011f4e3877f3a527cb5cb96727c5e2f84f3,420
diagnostic-report-output/tables/jitter-summary.tex,683,4281822e9f7a0fa68cd0cd80f21c0e4fec7f688b0c955e359979339a79e855ce,420
diagnostic-report-output/tables/model-fit-summary.csv,257,ca8abdd20a4520e860793ba1454cb17a3c644c45bdab4979255dbb6dce855d0c,420
diagnostic-report-output/tables/model-fit-summary.tex,824,bae9f979dca36a6acdf558424f532bd284cff3fce555611fbfa053ee1d430cd4,420
diagnostic-report-output/tables/objective-components.csv,190,bca2e5d1e448c7e0171dddc0a8c97fc833ee09ebe1a9b5c811f5013685f10adb,420
diagnostic-report-output/tables/objective-components.tex,903,186d06887e82beff559131e0333e4200da99f49e727b15785f5f6c653990773f,420
diagnostic-report-output/tables/parameter-bounds.csv,501,b547b89d218c07a1d4afc338f76d53256a670cfdf6c42fe110abd48815e2a877,420
diagnostic-report-output/tables/parameter-bounds.tex,1338,ca2713c13df4828ba418f9501a1bf11862f20c943e18b6390891cae5effca115,420
diagnostic-report-output/tables/parameter-correlations.csv,1084,ed67683b6cf2369cd3d46bb923057b89b26d056bed566e09e939427fb296a326,420
diagnostic-report-output/tables/parameter-correlations.tex,1992,aad200d74eac54db2d5937d5a13931d6823789da2ebb91eb267164009629d063,420
diagnostic-report-output/tables/recent-stock-status.csv,234,aff958dc205037b6c45f4cfd8bb781308f9d70e19cd88995b09588206d980a25,420
diagnostic-report-output/tables/recent-stock-status.tex,1422,349c7296f5531626a24014df6a133651043412161b6170db457c634dea258e1c,420
diagnostic-report-output/tables/retrospective-summary.csv,143,9817638bdf4355367e975fbbbde3126b0d475be019eabcc9a8b5f4c993a0e229,420
diagnostic-report-output/tables/retrospective-summary.tex,726,29472d3a60cb7e68ea745752e6c69363bb3e6e4b75d1ea391c50041912222051,420
diagnostic-report-output/tables/self-test-summary.csv,213,b321de7706856fb1bb600fa34802c0ecbba69d22e89a111ee93404f9eba43028,420
diagnostic-report-output/tables/self-test-summary.tex,1128,ff193370339d2873a7e58821ce1e3ce6ad5125b26b563654a07c6dc892cec7d1,420
diagnostic-report-output/tables/tag-attrition-validation.csv,2543,c54ba3afe198293f57365d48b3128a2e87bc56580202be447793f36b08a08d2d,420
diagnostic-report-output/tables/tag-release-groups.csv,296,cd8584f88c07874e356cbf41b06cc6920d448dfee98087c31efd970cdcdb5e11,420
diagnostic-report-output/tables/tag-release-groups.tex,1393,3a7efeae52f089dad7d5e152bc1c1f4973dbbc5702b98e427f89e0648283467a,420
diagnostic-report-output/tables/tag-reporting-rate-groups.csv,2053,c1d12c0ef0ad997a1ec5d109f55a9541fe9fa2f1b2512537caa4a92e1db92168,420
diagnostic-report-output/tables/tag-reporting-rate-groups.tex,4414,83cfafdf7d2f1de81b34dad958da7bbf756d6a1f56970c48196bbac38c046181,420
diagnostic-report-output/viewer/bet-2026-likelihood-profile-viewer.html,1879243,757d83f3f1bf8cd9166c8e83c03dc6479c1fb1aede40ebbd9dd2ac360004ae9d,420
diagnostic-report/R/augment_public_payload_uncertainty.R,2333,933cf94b3e58524fc9a71b7c27254a8758f35dafb547760763eafb113ea1c5c0,420
diagnostic-report/R/build_likelihood_profile_viewer.R,14975,a31270c91bee0f3101f78aa45a70154d6cb7de9926a74db2a88b0ef6a2aae403,420
diagnostic-report/R/build_report.R,147209,a0532ee547553b0f9c9f465f2e92678e2f37fce866a4318220dd14ed6f9c8a82,420
diagnostic-report/R/build_uncertainty.R,27449,a9aa5d212875c4a99c258fa329f6f4023d9ecdc99a9f6b68681ff09fc4dca3a3,493
diagnostic-report/R/generate_annual_uncertainty.R,10125,df041e61b852a6d541d9139a155dc4f6853f93c38425a1b534d9b2cc1ef2764d,493
diagnostic-report/R/generate_fishing_mortality_uncertainty.R,5668,3a0ab4657b782fdd7811f459ef8821b12bccc9f19c7ec1cd0fa492130894f6bd,420
diagnostic-report/R/prepare_public_payload.R,24829,e7670bcf00f01bdc40d30e71b5a870dd16af4faa7c7f3ffac144bfebf465e025,420
diagnostic-report/R/refresh_likelihood_profile_payload.R,11672,ee0d7864f6bea3f99f0df644cf73ed65889bd63d9aee86def5b1e0523d843c69,420
diagnostic-report/R/sync_public_fishery_map.R,2079,90a40cdc229281920997d8bf91fda7fa8e5de57bfb3ac31c87b3c0cc11480bb4,420
diagnostic-report/README.md,2678,99b503b6ac9113fd8ed78341165b06156384b201fdfefb29fcfa4633693cc007,420
diagnostic-report/data/SHA256SUMS,116,073694a0250b8702091a5b8bd3811252652adc99070999b8516ee51b61eb06fa,420
diagnostic-report/data/diagnostic-report-data-manifest.csv,167,7166b1d27991085ff68fa004cd901067d25c73e420a4a8b0db39e42dc0e0f6d5,420
diagnostic-report/data/diagnostic-report-data.rds,572868,bbad66efc63306f97bfd1af540f44fdf1d519e3bf83444b5d757c122fc6ce59f,420
diagnostic-report/kflow.yaml,2838,1d09717ff43116de150d1667a0be846a468eb035bd5245b607bc3d4614a60e50,420
diagnostic-report/likelihood-profile-viewer-template.html,30228,0109297fff63b3f1b64da00920d6b42afda1f48a598f74b3e94d4d237b9476fc,420
diagnostic-report/run.sh,1205,8273c542858a69f5509c6309891f232bb4e36230c11fc1d6adc0e9010d36cdc0,493
diagnostic-report/submit.py,7776,a8c870a1667a2def7a7c6dc3c2dd2fe4374fd53057a1854c7862a03e2cc11754,493
diagnostic-report/tests/test-likelihood-profile-viewer.R,11133,142f63f7104571e88a40f2d3bcb53de5548162321d2fb5139f8317ce58c0fad7,420
diagnostic-report/tests/test-public-payload.R,1172,2d7e8fecee18eecd4c261473805284ba6b691404db75c8a8d4c1209f81e9ea49,420
doitall,97,d940241b8099bb2f7d58c7bb3447ff544e2bbdb6ccc64e866f943a88510d7377,493
doitall.ps1,958,166bb2dab874caa804a789b4a38ae3adf8c087355d3a877e31e8f035ec1c147c,420
kflow.yaml,7691,17ab22ec7a703842a50cba576eafc2e1b29eac9cccb53ec1078bad71dac849a5,420
mfclo64,9433720,8995f72019869863c1d1c0b4f44fc6a6268d1f79031f5bc79dc354ee10f0a63e,493
model.json,762,afe84387aa570991c8493e81400a6647d1bd87d7d7e58313ab38f75af998bf72,420
model/MANIFEST.sha256,983,764327d9a449757e060b537eeeb67a648eb8c16f21caa3353d74974213a3522b,420
model/README.md,2089,21d4a05dae83e741fe2038f9c51808f407aa6e4766d834035fa7c3693f4ed37f,420
model/bet.age_length,1403841,426859b825bd815aa69c8d97c9dd93097027ed1eb6b9e444d88b69562097a00c,420
model/bet.frq,2932052,d0d84f0a498e6a62681f2a58ffc1ba53dab9e3d6af856b4ad1fd907196250004,420
model/bet.ini,66791,fbd064c3d0ccb4d2e1b9beb06fe3eacf0180677821e6a1773d20b308474d984e,420
model/bet.reg_scaling,1186,5f047ddb4053d1f6df9ace18e85e440b11553de246d024ce8138b427f5f9f7e3,420
model/bet.tag,110051,b140e66eb52f2b7e022ef2c562134f8bc9baf3dede18ce95283a001acd2b013f,420
model/cpue_mle_sigma_audit.csv,497,cd2d9a9b61f6efda432318be34c856029b355f0ea35f33681dc1dc37820cbc86,420
model/doitall.sh,50762,96ea1dae6e8119a142d6a9cc3f5c3b99d20da8e31b1067e02e5701fbb0bf51fa,493
model/fishery_map.R,5155,d133fe8735739531f00046485c639bcc3d8a86f077256e569c9c2fa30e39074d,420
model/mfcl.cfg,31,2ec8a291fae62c6f37541aec1de37444626d42b3290b371bb42b63d510034eae,420
model/model-inputs/Diagnostic.conf,116,45ed73f3d53f6ab24e477353e310b0cf4a50c2dd8413375a7befc0e5d4f7790e,420
model/selectivity-models/Diagnostic.csv,825,790e21a01054349a20f4fbbb7db926f6452d059344815a3a9d6a5de51db3310a,420
model/tag_rep_map.R,32718,e1bddfe316a8b3e39333d0792f58db8f070d3f6f370770507e2f500f9d88786c,420
reproduce/closure.json,126333,ae7757c3b5e638f9ba93a3048e5b754deece5e70a2034d5e8fb1345287f133fa,420
reproduce/files.json,12034,98a9b807e5661e851543e94d6d55deefe1d8341a8ff3d54b02be1d4c3bd283c7,420
reproduce/hessians.json,2100,d0584c93debb97be11a279a3658d9b2a5e8a56a659e1142db028f2449e19608d,420
reproduce/native.tar.gz,2613703,18f77fd333870bc1be8d23bf65d20620cafe63bd95ee1bfd84ba4125aaa461fd,420
reproduce/package.json,912,e5541468a41355955c399075d1abd865f1119dfcad3a9384a070a101fa4f76bc,420
reproduce/validation.json,45281,3fd27ca24f19bea458c3a398419583e01ca172fed63ba5dcdad76feabeedc349,420
restore-hessian,1293,0d84bf14728516f2e62142ead19a2405417eaec9956a56b50335ba30b6ce290a,493
restore-hessian.ps1,1373,f51fa2c0ac746c020a34fdc811a614ad006b3b226e50635ba0e14f00e63870de,420
restore-payload,260,a49ccfd71d3d5ae92a9529e7e0d1e1d715582e314168ba10fa8d3960654d9f94,493
results/reference/README.md,1348,b716234b336454b77b1fe4124d13f481508e98f40151af82ab605acc0441a42d,420
results/reference/SHA256SUMS,1798,ed5a0d969a7de9200c6880610592c5d4248faef3630b87c668d64544a029a640,420
results/reference/final.par,2956541,21dcaea9db8c89ddc8c29fa3c3a5e514b50bef6e26587c168c00c05f35fbebc3,420
results/reference/fit-summary.csv,260,f965a94c6c12e37e6bf25cdd122ce772b9b913aa2a90ba6b0acb962f8da7bfc2,420
results/reference/hessian/README.md,761,cf6b28f1b45aa01f1b21a7524f03090119319f30e0251071721232d61989b746,420
results/reference/hessian/SHA256SUMS,581,60dbf9c149b6ac3fc9f015fa966fc5da53297a69dd12295ce45a18012ab0e3cb,420
results/reference/hessian/check-summary.csv,699,48eec9df282b145f1a102971390e5af4f5519b2a32379e4b822c9ced7a703ed0,420
results/reference/hessian/check-unit-status.csv,10491,5020a806dfc93515aa937822fa2a2eaaab2fd01cbbc110b12249bfa9098bc17e,420
results/reference/hessian/hessian_info.rds,47176,592453bf2db9bdd9c3a34059a2cfd5097b5ef32329a79d5796a9945fbbd0bcdb,420
results/reference/hessian/mfcl_eigen_log.txt,21852,75ab2009d81ac2eceef1379244b79f1968f4e7828ced57900a8c3df466c308f4,420
results/reference/hessian/mfcl_stitch_log.txt,26490,22eee600dd0c2355fc6aaf83f7852d1b7c4ba2470dc98a38955e2a439b7e235d,420
results/reference/hessian/neigenvalues,7,88850137b94b2e0048fc2573a878575d7f5dde42de8b4fff6bc9b107e0fd181c,420
results/reference/model_payload.rds,12802987,c132589cae2c8dea8a17c64e62913abc6081ec2fc11c5b4e6936267f2ebdf5d0,420
results/reference/model_payload_manifest.csv,1296,04748418ad4d68794cd305cf5687344c0a6858df74e97cf86b207f6c5d7e77e9,420
results/reference/model_payload_manifest.json,1434,7c9253352f80fcc1fbdc7fee115a4b5b90ff3f21908ced51de7bc104ddbb71e0,420
results/reference/payload-restore-audit.csv,284,b6db897b70075b0e822251119a040992c391a00c3914d09857561d064c1d13ca,420
results/reference/run-summary.csv,293,3dcd35c9261f0340d41dda7a409b334ad0d371ff4294fcf275a5d0aff4fa4e72,420
results/reference/tag-tau-audit.csv,331,62801797a8ea86a0108826cc3a17ab2c58dcd8470014e90a5b439cb6d8535f4e,420
results/reference/uncertainty/README.md,2286,9a60a431fc45b47823df8cd050cb4f2da944a5344881bc273f3e1c7e7a9637c6,420
results/reference/uncertainty/SHA256SUMS,312,635b4165d9bae962d7aa635bdf6ac7b5779306156fabf7f26a555cd429c06d45,420
results/reference/uncertainty/annual-fishing-mortality-hessian-time-series.csv,33472,730c7447516a98a3039cf26d32029808355737c0c5230c3a3e209d0801c22401,420
results/reference/uncertainty/annual-hessian-time-series.csv,115748,edd1f03a8f9585153bc836c0d771702a737a27d14d938aa5328b38551000b8f9,420
results/reference/uncertainty/quarterly-hessian-time-series.csv,444377,cf28996fc688ef8221e9ab54bac435b1c3f4b25b192330ac8f1b05c948194c24,420
run-final,99,3082fb7e900121d5ee539b865ea833d5562340e6cc81b17bc0ea0155b0e401e6,493
run-final.ps1,939,d00a8104e94b6a50efcdba3d3f6479f1b9f9947a2e624216e6cc87bb64ca3191,420
run.sh,1255,d6e6d16d25139da703e4733b6d375280b13fe4d255a9b52150c4af977dac3a41,493
scripts/build-model-payload,4056,2cd927f74d77dccea4e4c060210bbc4cdcb0b2def260ce2a8cfa65f7f8c7137a,493
scripts/build-standalone-release,4601,e6c44d017058ce96c01210d4aca6d9c70c10a4747a5ef882bb43009575dfe3f7,493
scripts/container-run,4765,4c985764dd1fe6fe12438743c65263b4372b0bb129754aee49bd77bb0229807e,493
scripts/run-model,2002,d490ef2ecc0d7202c89ae504e612a7a3cf461e6696ea2e4b08dd612ac99edf29,493
scripts/validate-selectivity-models,4710,27d773a0722d6bc235263be6850cb1e37790762fc7e8ac47dcbc9c726e4e5c0f,493
standalone/README.txt,1849,2b6a71ff7ee7ff6025c77f3dcab96946eb579d55392aca9d11e87b1c7742fc5d,420
standalone/run-final,2608,df2d957a92b0fc592e6e04f9e324ae57795677dfb684d229061c8e42f0989622,493
verify,299,41ad31d8208d87e9817c64ebf529c113c74d701a5f70fa3e668c7f2f0dc66cce,493
