"year","quantity","estimate","se_log","lower_50","upper_50","lower_80","upper_80","lower_95","upper_95","final_par_sha256","hessian_sha256","gradient_sha256","method"
1952,"fishing_mortality",0.08073117725,0.0582444152900997,0.0776211215239312,0.0839658439895321,0.0749245505306011,0.0869878155292903,0.0720217300398339,0.0904938409083785,"21dcaea9db8c89ddc8c29fa3c3a5e514b50bef6e26587c168c00c05f35fbebc3","e289a150c45930c2f4f164fb43432d5c034d8caec7bda7ce664caca9e4ad20c5","406499fd39a792de4935f104fc69bceb64bc87ccb8f7aa33f7d445be9c5a2817","MFCL dependent-variable gradients; annual log-scale delta method including FMSY covariance"
1953,"fishing_mortality",0.074938334,0.0565428073133051,0.072134181605824,0.0778514953338314,0.0697001896540324,0.0805701380522809,0.0670771665420381,0.0837207978839728,"21dcaea9db8c89ddc8c29fa3c3a5e514b50bef6e26587c168c00c05f35fbebc3","e289a150c45930c2f4f164fb43432d5c034d8caec7bda7ce664caca9e4ad20c5","406499fd39a792de4935f104fc69bceb64bc87ccb8f7aa33f7d445be9c5a2817","MFCL dependent-variable gradients; annual log-scale delta method including FMSY covariance"
1954,"fishing_mortality",0.05081551975,0.0543566357534496,0.0489862095696504,0.0527131425384352,0.0473961491182127,0.0544815791051342,0.0456801919053353,0.0565281567295922,"21dcaea9db8c89ddc8c29fa3c3a5e514b50bef6e26587c168c00c05f35fbebc3","e289a150c45930c2f4f164fb43432d5c034d8caec7bda7ce664caca9e4ad20c5","406499fd39a792de4935f104fc69bceb64bc87ccb8f7aa33f7d445be9c5a2817","MFCL dependent-variable gradients; annual log-scale delta method including FMSY covariance"
1955,"fishing_mortality",0.08074136175,0.0563759380082317,0.0777288111724208,0.0838706703333377,0.075113650722908,0.0867907155956695,0.0722950869403871,0.0901744194957525,"21dcaea9db8c89ddc8c29fa3c3a5e514b50bef6e26587c168c00c05f35fbebc3","e289a150c45930c2f4f164fb43432d5c034d8caec7bda7ce664caca9e4ad20c5","406499fd39a792de4935f104fc69bceb64bc87ccb8f7aa33f7d445be9c5a2817","MFCL dependent-variable gradients; annual log-scale delta method including FMSY covariance"
1956,"fishing_mortality",0.08891603075,0.0511741988711028,0.0858993255207752,0.0920386798895507,0.0832718098709807,0.0949428208247714,0.0804304521803071,0.0982968553578602,"21dcaea9db8c89ddc8c29fa3c3a5e514b50bef6e26587c168c00c05f35fbebc3","e289a150c45930c2f4f164fb43432d5c034d8caec7bda7ce664caca9e4ad20c5","406499fd39a792de4935f104fc69bceb64bc87ccb8f7aa33f7d445be9c5a2817","MFCL dependent-variable gradients; annual log-scale delta method including FMSY covariance"
1957,"fishing_mortality",0.11924083475,0.0485783124101151,0.115397154443719,0.123212541421993,0.112043776557813,0.126900191234989,0.10841143003985,0.13115200737275,"21dcaea9db8c89ddc8c29fa3c3a5e514b50bef6e26587c168c00c05f35fbebc3","e289a150c45930c2f4f164fb43432d5c034d8caec7bda7ce664caca9e4ad20c5","406499fd39a792de4935f104fc69bceb64bc87ccb8f7aa33f7d445be9c5a2817","MFCL dependent-variable gradients; annual log-scale delta method including FMSY covariance"
1958,"fishing_mortality",0.17662595,0.048304704250414,0.170964031404553,0.182475377756983,0.166023484337332,0.187905502272293,0.160670990846486,0.194165269343547,"21dcaea9db8c89ddc8c29fa3c3a5e514b50bef6e26587c168c00c05f35fbebc3","e289a150c45930c2f4f164fb43432d5c034d8caec7bda7ce664caca9e4ad20c5","406499fd39a792de4935f104fc69bceb64bc87ccb8f7aa33f7d445be9c5a2817","MFCL dependent-variable gradients; annual log-scale delta method including FMSY covariance"
1959,"fishing_mortality",0.162949457,0.0488545902775226,0.157667463319158,0.168408401946861,0.15306006044823,0.173477819483651,0.14807025181153,0.179323835893735,"21dcaea9db8c89ddc8c29fa3c3a5e514b50bef6e26587c168c00c05f35fbebc3","e289a150c45930c2f4f164fb43432d5c034d8caec7bda7ce664caca9e4ad20c5","406499fd39a792de4935f104fc69bceb64bc87ccb8f7aa33f7d445be9c5a2817","MFCL dependent-variable gradients; annual log-scale delta method including FMSY covariance"
1960,"fishing_mortality",0.163184655,0.0526115044814865,0.157495437856999,0.169079384074906,0.152544759277094,0.174566676388387,0.147196106923996,0.180909890784128,"21dcaea9db8c89ddc8c29fa3c3a5e514b50bef6e26587c168c00c05f35fbebc3","e289a150c45930c2f4f164fb43432d5c034d8caec7bda7ce664caca9e4ad20c5","406499fd39a792de4935f104fc69bceb64bc87ccb8f7aa33f7d445be9c5a2817","MFCL dependent-variable gradients; annual log-scale delta method including FMSY covariance"
1961,"fishing_mortality",0.1623618425,0.050982134513674,0.15687361999021,0.168042070436317,0.152092852468571,0.173324173175345,0.146922361271896,0.179423796839272,"21dcaea9db8c89ddc8c29fa3c3a5e514b50bef6e26587c168c00c05f35fbebc3","e289a150c45930c2f4f164fb43432d5c034d8caec7bda7ce664caca9e4ad20c5","406499fd39a792de4935f104fc69bceb64bc87ccb8f7aa33f7d445be9c5a2817","MFCL dependent-variable gradients; annual log-scale delta method including FMSY covariance"
1962,"fishing_mortality",0.157369625,0.0503159822765202,0.152118484940123,0.162802034758555,0.14754228487763,0.167851534176664,0.142590919036569,0.173680056485851,"21dcaea9db8c89ddc8c29fa3c3a5e514b50bef6e26587c168c00c05f35fbebc3","e289a150c45930c2f4f164fb43432d5c034d8caec7bda7ce664caca9e4ad20c5","406499fd39a792de4935f104fc69bceb64bc87ccb8f7aa33f7d445be9c5a2817","MFCL dependent-variable gradients; annual log-scale delta method including FMSY covariance"
1963,"fishing_mortality",0.20203837,0.0497146528745992,0.195375941185738,0.208927991361286,0.189567609382404,0.215329523251591,0.183280671277898,0.22271580886107,"21dcaea9db8c89ddc8c29fa3c3a5e514b50bef6e26587c168c00c05f35fbebc3","e289a150c45930c2f4f164fb43432d5c034d8caec7bda7ce664caca9e4ad20c5","406499fd39a792de4935f104fc69bceb64bc87ccb8f7aa33f7d445be9c5a2817","MFCL dependent-variable gradients; annual log-scale delta method including FMSY covariance"
1964,"fishing_mortality",0.15041997825,0.0492549239139945,0.145504831970073,0.155501157936694,0.141218524804118,0.160220975881987,0.136577655807091,0.1656652380144,"21dcaea9db8c89ddc8c29fa3c3a5e514b50bef6e26587c168c00c05f35fbebc3","e289a150c45930c2f4f164fb43432d5c034d8caec7bda7ce664caca9e4ad20c5","406499fd39a792de4935f104fc69bceb64bc87ccb8f7aa33f7d445be9c5a2817","MFCL dependent-variable gradients; annual log-scale delta method including FMSY covariance"
1965,"fishing_mortality",0.14007163,0.0483333789778465,0.135578873864473,0.144713265213204,0.131658601131125,0.149022254241607,0.127411531424003,0.153989684540914,"21dcaea9db8c89ddc8c29fa3c3a5e514b50bef6e26587c168c00c05f35fbebc3","e289a150c45930c2f4f164fb43432d5c034d8caec7bda7ce664caca9e4ad20c5","406499fd39a792de4935f104fc69bceb64bc87ccb8f7aa33f7d445be9c5a2817","MFCL dependent-variable gradients; annual log-scale delta method including FMSY covariance"
1966,"fishing_mortality",0.15850307,0.0478211386813606,0.153472146468629,0.163698910698172,0.149080839689598,0.168520805569207,0.144321904514915,0.1740776861549,"21dcaea9db8c89ddc8c29fa3c3a5e514b50bef6e26587c168c00c05f35fbebc3","e289a150c45930c2f4f164fb43432d5c034d8caec7bda7ce664caca9e4ad20c5","406499fd39a792de4935f104fc69bceb64bc87ccb8f7aa33f7d445be9c5a2817","MFCL dependent-variable gradients; annual log-scale delta method including FMSY covariance"
1967,"fishing_mortality",0.1726062325,0.0472318188395102,0.167194116194774,0.178193540394308,0.162468295175521,0.183376771853596,0.157344901964453,0.189347802984902,"21dcaea9db8c89ddc8c29fa3c3a5e514b50bef6e26587c168c00c05f35fbebc3","e289a150c45930c2f4f164fb43432d5c034d8caec7bda7ce664caca9e4ad20c5","406499fd39a792de4935f104fc69bceb64bc87ccb8f7aa33f7d445be9c5a2817","MFCL dependent-variable gradients; annual log-scale delta method including FMSY covariance"
1968,"fishing_mortality",0.14157744,0.0469477782655958,0.137164515889481,0.146132338870383,0.133310480539679,0.150357056968132,0.129131451832159,0.155223001310373,"21dcaea9db8c89ddc8c29fa3c3a5e514b50bef6e26587c168c00c05f35fbebc3","e289a150c45930c2f4f164fb43432d5c034d8caec7bda7ce664caca9e4ad20c5","406499fd39a792de4935f104fc69bceb64bc87ccb8f7aa33f7d445be9c5a2817","MFCL dependent-variable gradients; annual log-scale delta method including FMSY covariance"
1969,"fishing_mortality",0.1777009625,0.0466059734906224,0.172201775075534,0.183375764039455,0.167397997109838,0.188638051939814,0.16218799446371,0.19469771593046,"21dcaea9db8c89ddc8c29fa3c3a5e514b50bef6e26587c168c00c05f35fbebc3","e289a150c45930c2f4f164fb43432d5c034d8caec7bda7ce664caca9e4ad20c5","406499fd39a792de4935f104fc69bceb64bc87ccb8f7aa33f7d445be9c5a2817","MFCL dependent-variable gradients; annual log-scale delta method including FMSY covariance"
1970,"fishing_mortality",0.1697974575,0.0454228502370384,0.164674212662808,0.175080093642226,0.160195440901015,0.179975013092159,0.155334234932498,0.185607355558118,"21dcaea9db8c89ddc8c29fa3c3a5e514b50bef6e26587c168c00c05f35fbebc3","e289a150c45930c2f4f164fb43432d5c034d8caec7bda7ce664caca9e4ad20c5","406499fd39a792de4935f104fc69bceb64bc87ccb8f7aa33f7d445be9c5a2817","MFCL dependent-variable gradients; annual log-scale delta method including FMSY covariance"
1971,"fishing_mortality",0.172615365,0.0446322408623962,0.167496391299881,0.177890783215366,0.163019084600831,0.182776539980223,0.158157000056326,0.188395481853296,"21dcaea9db8c89ddc8c29fa3c3a5e514b50bef6e26587c168c00c05f35fbebc3","e289a150c45930c2f4f164fb43432d5c034d8caec7bda7ce664caca9e4ad20c5","406499fd39a792de4935f104fc69bceb64bc87ccb8f7aa33f7d445be9c5a2817","MFCL dependent-variable gradients; annual log-scale delta method including FMSY covariance"
1972,"fishing_mortality",0.2385854575,0.0441352578938918,0.231587733340967,0.245794626983445,0.22546522848993,0.252469176341428,0.21881443516082,0.260142894542803,"21dcaea9db8c89ddc8c29fa3c3a5e514b50bef6e26587c168c00c05f35fbebc3","e289a150c45930c2f4f164fb43432d5c034d8caec7bda7ce664caca9e4ad20c5","406499fd39a792de4935f104fc69bceb64bc87ccb8f7aa33f7d445be9c5a2817","MFCL dependent-variable gradients; annual log-scale delta method including FMSY covariance"
1973,"fishing_mortality",0.2027534975,0.0440545801751234,0.196817436417861,0.208868591607933,0.19162354169526,0.214529907885005,0.185981192434618,0.221038376033289,"21dcaea9db8c89ddc8c29fa3c3a5e514b50bef6e26587c168c00c05f35fbebc3","e289a150c45930c2f4f164fb43432d5c034d8caec7bda7ce664caca9e4ad20c5","406499fd39a792de4935f104fc69bceb64bc87ccb8f7aa33f7d445be9c5a2817","MFCL dependent-variable gradients; annual log-scale delta method including FMSY covariance"
1974,"fishing_mortality",0.2274047925,0.0439650651743041,0.220760338181217,0.234249231895623,0.214946284674356,0.240585408258222,0.208629867276077,0.247869302354188,"21dcaea9db8c89ddc8c29fa3c3a5e514b50bef6e26587c168c00c05f35fbebc3","e289a150c45930c2f4f164fb43432d5c034d8caec7bda7ce664caca9e4ad20c5","406499fd39a792de4935f104fc69bceb64bc87ccb8f7aa33f7d445be9c5a2817","MFCL dependent-variable gradients; annual log-scale delta method including FMSY covariance"
1975,"fishing_mortality",0.291118175,0.043403602696312,0.28271914920635,0.299766719209649,0.275367158611203,0.307770150379446,0.267377037112505,0.316967353406906,"21dcaea9db8c89ddc8c29fa3c3a5e514b50bef6e26587c168c00c05f35fbebc3","e289a150c45930c2f4f164fb43432d5c034d8caec7bda7ce664caca9e4ad20c5","406499fd39a792de4935f104fc69bceb64bc87ccb8f7aa33f7d445be9c5a2817","MFCL dependent-variable gradients; annual log-scale delta method including FMSY covariance"
1976,"fishing_mortality",0.30813469,0.0433275597179412,0.299260070892397,0.317272487767122,0.291491396446177,0.325728266216351,0.283048011725227,0.335444812357726,"21dcaea9db8c89ddc8c29fa3c3a5e514b50bef6e26587c168c00c05f35fbebc3","e289a150c45930c2f4f164fb43432d5c034d8caec7bda7ce664caca9e4ad20c5","406499fd39a792de4935f104fc69bceb64bc87ccb8f7aa33f7d445be9c5a2817","MFCL dependent-variable gradients; annual log-scale delta method including FMSY covariance"
1977,"fishing_mortality",0.3422886175,0.0436529710251789,0.33235737159781,0.352516621210496,0.323665559407351,0.361983208484061,0.314220836907805,0.372863552980853,"21dcaea9db8c89ddc8c29fa3c3a5e514b50bef6e26587c168c00c05f35fbebc3","e289a150c45930c2f4f164fb43432d5c034d8caec7bda7ce664caca9e4ad20c5","406499fd39a792de4935f104fc69bceb64bc87ccb8f7aa33f7d445be9c5a2817","MFCL dependent-variable gradients; annual log-scale delta method including FMSY covariance"
1978,"fishing_mortality",0.28719347,0.0435271771513338,0.278884429634452,0.295750068652997,0.271611782926346,0.303669039398808,0.263708519552124,0.312769907285222,"21dcaea9db8c89ddc8c29fa3c3a5e514b50bef6e26587c168c00c05f35fbebc3","e289a150c45930c2f4f164fb43432d5c034d8caec7bda7ce664caca9e4ad20c5","406499fd39a792de4935f104fc69bceb64bc87ccb8f7aa33f7d445be9c5a2817","MFCL dependent-variable gradients; annual log-scale delta method including FMSY covariance"
1979,"fishing_mortality",0.3721592075,0.0439997276776999,0.361276782301561,0.383369434494739,0.351754616391733,0.393747428669946,0.341409917107126,0.405677951304412,"21dcaea9db8c89ddc8c29fa3c3a5e514b50bef6e26587c168c00c05f35fbebc3","e289a150c45930c2f4f164fb43432d5c034d8caec7bda7ce664caca9e4ad20c5","406499fd39a792de4935f104fc69bceb64bc87ccb8f7aa33f7d445be9c5a2817","MFCL dependent-variable gradients; annual log-scale delta method including FMSY covariance"
1980,"fishing_mortality",0.3792096225,0.0447881367232702,0.367925328796192,0.390840006223787,0.358056515732009,0.401612403289488,0.347340654256775,0.414002611080151,"21dcaea9db8c89ddc8c29fa3c3a5e514b50bef6e26587c168c00c05f35fbebc3","e289a150c45930c2f4f164fb43432d5c034d8caec7bda7ce664caca9e4ad20c5","406499fd39a792de4935f104fc69bceb64bc87ccb8f7aa33f7d445be9c5a2817","MFCL dependent-variable gradients; annual log-scale delta method including FMSY covariance"
1981,"fishing_mortality",0.3607256275,0.04425721765323,0.350116723659088,0.371655992251232,0.3408354222783,0.381776569657776,0.330754061331554,0.393413093134572,"21dcaea9db8c89ddc8c29fa3c3a5e514b50bef6e26587c168c00c05f35fbebc3","e289a150c45930c2f4f164fb43432d5c034d8caec7bda7ce664caca9e4ad20c5","406499fd39a792de4935f104fc69bceb64bc87ccb8f7aa33f7d445be9c5a2817","MFCL dependent-variable gradients; annual log-scale delta method including FMSY covariance"
1982,"fishing_mortality",0.417232615,0.0429363406453692,0.405322794994822,0.429492387720167,0.394894547708787,0.440834283556923,0.383557757111647,0.453863992559184,"21dcaea9db8c89ddc8c29fa3c3a5e514b50bef6e26587c168c00c05f35fbebc3","e289a150c45930c2f4f164fb43432d5c034d8caec7bda7ce664caca9e4ad20c5","406499fd39a792de4935f104fc69bceb64bc87ccb8f7aa33f7d445be9c5a2817","MFCL dependent-variable gradients; annual log-scale delta method including FMSY covariance"
1983,"fishing_mortality",0.4096251375,0.0418888783378234,0.398213711048742,0.421363575930101,0.388215145663842,0.432215886335323,0.377338155571649,0.444674758686134,"21dcaea9db8c89ddc8c29fa3c3a5e514b50bef6e26587c168c00c05f35fbebc3","e289a150c45930c2f4f164fb43432d5c034d8caec7bda7ce664caca9e4ad20c5","406499fd39a792de4935f104fc69bceb64bc87ccb8f7aa33f7d445be9c5a2817","MFCL dependent-variable gradients; annual log-scale delta method including FMSY covariance"
1984,"fishing_mortality",0.442775945,0.0418595252500815,0.430449518229455,0.455455353457119,0.419649036468435,0.467177380223509,0.40789945601825,0.480634466602161,"21dcaea9db8c89ddc8c29fa3c3a5e514b50bef6e26587c168c00c05f35fbebc3","e289a150c45930c2f4f164fb43432d5c034d8caec7bda7ce664caca9e4ad20c5","406499fd39a792de4935f104fc69bceb64bc87ccb8f7aa33f7d445be9c5a2817","MFCL dependent-variable gradients; annual log-scale delta method including FMSY covariance"
1985,"fishing_mortality",0.4621265875,0.0417575323190926,0.449292365941078,0.475327423885948,0.438046216332944,0.487530710029178,0.42581100306137,0.501539371549814,"21dcaea9db8c89ddc8c29fa3c3a5e514b50bef6e26587c168c00c05f35fbebc3","e289a150c45930c2f4f164fb43432d5c034d8caec7bda7ce664caca9e4ad20c5","406499fd39a792de4935f104fc69bceb64bc87ccb8f7aa33f7d445be9c5a2817","MFCL dependent-variable gradients; annual log-scale delta method including FMSY covariance"
1986,"fishing_mortality",0.4239247975,0.0409887142257536,0.412365300207272,0.435808332672718,0.402231150345398,0.446788454303195,0.391200286866478,0.459386764194154,"21dcaea9db8c89ddc8c29fa3c3a5e514b50bef6e26587c168c00c05f35fbebc3","e289a150c45930c2f4f164fb43432d5c034d8caec7bda7ce664caca9e4ad20c5","406499fd39a792de4935f104fc69bceb64bc87ccb8f7aa33f7d445be9c5a2817","MFCL dependent-variable gradients; annual log-scale delta method including FMSY covariance"
1987,"fishing_mortality",0.5404989,0.0407411079207537,0.525848496730742,0.555557470863701,0.513002527103693,0.56946904833114,0.499017665889794,0.585428294167301,"21dcaea9db8c89ddc8c29fa3c3a5e514b50bef6e26587c168c00c05f35fbebc3","e289a150c45930c2f4f164fb43432d5c034d8caec7bda7ce664caca9e4ad20c5","406499fd39a792de4935f104fc69bceb64bc87ccb8f7aa33f7d445be9c5a2817","MFCL dependent-variable gradients; annual log-scale delta method including FMSY covariance"
1988,"fishing_mortality",0.46826725,0.0400103062914138,0.455799326161069,0.481076221128673,0.444861905494998,0.492904010691983,0.432949208873568,0.506466377414252,"21dcaea9db8c89ddc8c29fa3c3a5e514b50bef6e26587c168c00c05f35fbebc3","e289a150c45930c2f4f164fb43432d5c034d8caec7bda7ce664caca9e4ad20c5","406499fd39a792de4935f104fc69bceb64bc87ccb8f7aa33f7d445be9c5a2817","MFCL dependent-variable gradients; annual log-scale delta method including FMSY covariance"
1989,"fishing_mortality",0.4578282425,0.0390777817210858,0.445918649059537,0.470055917312965,0.435464773292895,0.481340196695214,0.424071915396357,0.494271589371182,"21dcaea9db8c89ddc8c29fa3c3a5e514b50bef6e26587c168c00c05f35fbebc3","e289a150c45930c2f4f164fb43432d5c034d8caec7bda7ce664caca9e4ad20c5","406499fd39a792de4935f104fc69bceb64bc87ccb8f7aa33f7d445be9c5a2817","MFCL dependent-variable gradients; annual log-scale delta method including FMSY covariance"
1990,"fishing_mortality",0.5594645,0.0387920988397828,0.545016027874288,0.574296003699263,0.53233127942745,0.587980715874706,0.518504631236867,0.603660040631851,"21dcaea9db8c89ddc8c29fa3c3a5e514b50bef6e26587c168c00c05f35fbebc3","e289a150c45930c2f4f164fb43432d5c034d8caec7bda7ce664caca9e4ad20c5","406499fd39a792de4935f104fc69bceb64bc87ccb8f7aa33f7d445be9c5a2817","MFCL dependent-variable gradients; annual log-scale delta method including FMSY covariance"
1991,"fishing_mortality",0.516748795,0.0386774436736415,0.503442410545396,0.530406877808864,0.491759476564656,0.543007974140878,0.479023889595962,0.557444676421422,"21dcaea9db8c89ddc8c29fa3c3a5e514b50bef6e26587c168c00c05f35fbebc3","e289a150c45930c2f4f164fb43432d5c034d8caec7bda7ce664caca9e4ad20c5","406499fd39a792de4935f104fc69bceb64bc87ccb8f7aa33f7d445be9c5a2817","MFCL dependent-variable gradients; annual log-scale delta method including FMSY covariance"
1992,"fishing_mortality",0.6507822625,0.0380382535676033,0.63429789366438,0.667695033224737,0.619818774827536,0.683292553218419,0.60402857899307,0.701154825969712,"21dcaea9db8c89ddc8c29fa3c3a5e514b50bef6e26587c168c00c05f35fbebc3","e289a150c45930c2f4f164fb43432d5c034d8caec7bda7ce664caca9e4ad20c5","406499fd39a792de4935f104fc69bceb64bc87ccb8f7aa33f7d445be9c5a2817","MFCL dependent-variable gradients; annual log-scale delta method including FMSY covariance"
1993,"fishing_mortality",0.5812313775,0.0378901040599412,0.566565349763951,0.596277047883882,0.55368215546292,0.610151349212431,0.539631057041335,0.62603867917237,"21dcaea9db8c89ddc8c29fa3c3a5e514b50bef6e26587c168c00c05f35fbebc3","e289a150c45930c2f4f164fb43432d5c034d8caec7bda7ce664caca9e4ad20c5","406499fd39a792de4935f104fc69bceb64bc87ccb8f7aa33f7d445be9c5a2817","MFCL dependent-variable gradients; annual log-scale delta method including FMSY covariance"
1994,"fishing_mortality",0.67360524,0.0382797520223837,0.656435828865273,0.691223725767389,0.64135733459522,0.707474593148341,0.62491604123842,0.726087969283451,"21dcaea9db8c89ddc8c29fa3c3a5e514b50bef6e26587c168c00c05f35fbebc3","e289a150c45930c2f4f164fb43432d5c034d8caec7bda7ce664caca9e4ad20c5","406499fd39a792de4935f104fc69bceb64bc87ccb8f7aa33f7d445be9c5a2817","MFCL dependent-variable gradients; annual log-scale delta method including FMSY covariance"
1995,"fishing_mortality",0.60236968,0.0386928959526877,0.586852424248349,0.618297235200223,0.573228492116251,0.632992316979451,0.558377167066831,0.649828203558821,"21dcaea9db8c89ddc8c29fa3c3a5e514b50bef6e26587c168c00c05f35fbebc3","e289a150c45930c2f4f164fb43432d5c034d8caec7bda7ce664caca9e4ad20c5","406499fd39a792de4935f104fc69bceb64bc87ccb8f7aa33f7d445be9c5a2817","MFCL dependent-variable gradients; annual log-scale delta method including FMSY covariance"
1996,"fishing_mortality",0.5609488125,0.0377229382064838,0.546856223787477,0.575404569899248,0.53447543337513,0.588733458258517,0.520970833160343,0.603994600496788,"21dcaea9db8c89ddc8c29fa3c3a5e514b50bef6e26587c168c00c05f35fbebc3","e289a150c45930c2f4f164fb43432d5c034d8caec7bda7ce664caca9e4ad20c5","406499fd39a792de4935f104fc69bceb64bc87ccb8f7aa33f7d445be9c5a2817","MFCL dependent-variable gradients; annual log-scale delta method including FMSY covariance"
1997,"fishing_mortality",0.7054780275,0.0368377819495722,0.688165196211991,0.723226414275059,0.672946686685779,0.739581986407317,0.656337343783151,0.758297927124694,"21dcaea9db8c89ddc8c29fa3c3a5e514b50bef6e26587c168c00c05f35fbebc3","e289a150c45930c2f4f164fb43432d5c034d8caec7bda7ce664caca9e4ad20c5","406499fd39a792de4935f104fc69bceb64bc87ccb8f7aa33f7d445be9c5a2817","MFCL dependent-variable gradients; annual log-scale delta method including FMSY covariance"
1998,"fishing_mortality",0.84004875,0.0375867532555727,0.81901962527737,0.861617817933942,0.800543252945925,0.881503778565016,0.780388008810636,0.904270560809961,"21dcaea9db8c89ddc8c29fa3c3a5e514b50bef6e26587c168c00c05f35fbebc3","e289a150c45930c2f4f164fb43432d5c034d8caec7bda7ce664caca9e4ad20c5","406499fd39a792de4935f104fc69bceb64bc87ccb8f7aa33f7d445be9c5a2817","MFCL dependent-variable gradients; annual log-scale delta method including FMSY covariance"
1999,"fishing_mortality",0.921701095,0.0372790241597503,0.898814487889072,0.94517046617638,0.878702148200361,0.966804178485392,0.856757945137453,0.99156700366275,"21dcaea9db8c89ddc8c29fa3c3a5e514b50bef6e26587c168c00c05f35fbebc3","e289a150c45930c2f4f164fb43432d5c034d8caec7bda7ce664caca9e4ad20c5","406499fd39a792de4935f104fc69bceb64bc87ccb8f7aa33f7d445be9c5a2817","MFCL dependent-variable gradients; annual log-scale delta method including FMSY covariance"
2000,"fishing_mortality",0.906358205,0.037442605263495,0.883755061233491,0.929539452508757,0.86389390685167,0.950909815725637,0.842226044705409,0.975373773982682,"21dcaea9db8c89ddc8c29fa3c3a5e514b50bef6e26587c168c00c05f35fbebc3","e289a150c45930c2f4f164fb43432d5c034d8caec7bda7ce664caca9e4ad20c5","406499fd39a792de4935f104fc69bceb64bc87ccb8f7aa33f7d445be9c5a2817","MFCL dependent-variable gradients; annual log-scale delta method including FMSY covariance"
2001,"fishing_mortality",0.777429705,0.0357071084272255,0.758929698870768,0.796380675463993,0.742655835179136,0.81383181493565,0.724881781733468,0.833786917324704,"21dcaea9db8c89ddc8c29fa3c3a5e514b50bef6e26587c168c00c05f35fbebc3","e289a150c45930c2f4f164fb43432d5c034d8caec7bda7ce664caca9e4ad20c5","406499fd39a792de4935f104fc69bceb64bc87ccb8f7aa33f7d445be9c5a2817","MFCL dependent-variable gradients; annual log-scale delta method including FMSY covariance"
2002,"fishing_mortality",0.9674040725,0.0344863307601811,0.945161293137116,0.99017029821789,0.92557971390486,1.01111835688502,0.904176246081115,1.03505333561442,"21dcaea9db8c89ddc8c29fa3c3a5e514b50bef6e26587c168c00c05f35fbebc3","e289a150c45930c2f4f164fb43432d5c034d8caec7bda7ce664caca9e4ad20c5","406499fd39a792de4935f104fc69bceb64bc87ccb8f7aa33f7d445be9c5a2817","MFCL dependent-variable gradients; annual log-scale delta method including FMSY covariance"
2003,"fishing_mortality",0.87790878,0.033611196535592,0.85823013442732,0.898038643813617,0.840896186226414,0.91655050721513,0.821938815291736,0.937690022252485,"21dcaea9db8c89ddc8c29fa3c3a5e514b50bef6e26587c168c00c05f35fbebc3","e289a150c45930c2f4f164fb43432d5c034d8caec7bda7ce664caca9e4ad20c5","406499fd39a792de4935f104fc69bceb64bc87ccb8f7aa33f7d445be9c5a2817","MFCL dependent-variable gradients; annual log-scale delta method including FMSY covariance"
2004,"fishing_mortality",1.228454525,0.0321797419781125,1.20207831689689,1.25540948437423,1.17882348784129,1.28017513695498,1.15336731091448,1.30843011216994,"21dcaea9db8c89ddc8c29fa3c3a5e514b50bef6e26587c168c00c05f35fbebc3","e289a150c45930c2f4f164fb43432d5c034d8caec7bda7ce664caca9e4ad20c5","406499fd39a792de4935f104fc69bceb64bc87ccb8f7aa33f7d445be9c5a2817","MFCL dependent-variable gradients; annual log-scale delta method including FMSY covariance"
2005,"fishing_mortality",0.9919742425,0.0329072120713578,0.970199348671216,1.01423784620259,0.9510102613766,1.03470271325893,0.930014512844344,1.05806187343675,"21dcaea9db8c89ddc8c29fa3c3a5e514b50bef6e26587c168c00c05f35fbebc3","e289a150c45930c2f4f164fb43432d5c034d8caec7bda7ce664caca9e4ad20c5","406499fd39a792de4935f104fc69bceb64bc87ccb8f7aa33f7d445be9c5a2817","MFCL dependent-variable gradients; annual log-scale delta method including FMSY covariance"
2006,"fishing_mortality",1.057686875,0.0317547791227303,1.03527392883039,1.08058504555517,1.01550796290961,1.10161767943403,0.993865003275,1.12560712155162,"21dcaea9db8c89ddc8c29fa3c3a5e514b50bef6e26587c168c00c05f35fbebc3","e289a150c45930c2f4f164fb43432d5c034d8caec7bda7ce664caca9e4ad20c5","406499fd39a792de4935f104fc69bceb64bc87ccb8f7aa33f7d445be9c5a2817","MFCL dependent-variable gradients; annual log-scale delta method including FMSY covariance"
2007,"fishing_mortality",1.0819596,0.0312738953868383,1.05937585596572,1.10502478364018,1.03945312330253,1.12620429896139,1.01763176920117,1.15035380327316,"21dcaea9db8c89ddc8c29fa3c3a5e514b50bef6e26587c168c00c05f35fbebc3","e289a150c45930c2f4f164fb43432d5c034d8caec7bda7ce664caca9e4ad20c5","406499fd39a792de4935f104fc69bceb64bc87ccb8f7aa33f7d445be9c5a2817","MFCL dependent-variable gradients; annual log-scale delta method including FMSY covariance"
2008,"fishing_mortality",1.16420825,0.0308189693715705,1.14025755609606,1.18866201949017,1.11912277722173,1.21111005597872,1.09596710263651,1.23669847945937,"21dcaea9db8c89ddc8c29fa3c3a5e514b50bef6e26587c168c00c05f35fbebc3","e289a150c45930c2f4f164fb43432d5c034d8caec7bda7ce664caca9e4ad20c5","406499fd39a792de4935f104fc69bceb64bc87ccb8f7aa33f7d445be9c5a2817","MFCL dependent-variable gradients; annual log-scale delta method including FMSY covariance"
2009,"fishing_mortality",1.189604525,0.0300704105586446,1.16571978361989,1.21397864717196,1.14463308769977,1.23634284305406,1.12151897962222,1.26182343019925,"21dcaea9db8c89ddc8c29fa3c3a5e514b50bef6e26587c168c00c05f35fbebc3","e289a150c45930c2f4f164fb43432d5c034d8caec7bda7ce664caca9e4ad20c5","406499fd39a792de4935f104fc69bceb64bc87ccb8f7aa33f7d445be9c5a2817","MFCL dependent-variable gradients; annual log-scale delta method including FMSY covariance"
2010,"fishing_mortality",0.98236501,0.0283599063296844,0.963752456494396,1.0013370200711,0.947302296887855,1.01872550720369,0.929250683661959,1.0385152573354,"21dcaea9db8c89ddc8c29fa3c3a5e514b50bef6e26587c168c00c05f35fbebc3","e289a150c45930c2f4f164fb43432d5c034d8caec7bda7ce664caca9e4ad20c5","406499fd39a792de4935f104fc69bceb64bc87ccb8f7aa33f7d445be9c5a2817","MFCL dependent-variable gradients; annual log-scale delta method including FMSY covariance"
2011,"fishing_mortality",1.2175816475,0.0276449584247628,1.19508868285685,1.24049795600515,1.17519982336924,1.26149190873646,1.15336471833571,1.28537404063135,"21dcaea9db8c89ddc8c29fa3c3a5e514b50bef6e26587c168c00c05f35fbebc3","e289a150c45930c2f4f164fb43432d5c034d8caec7bda7ce664caca9e4ad20c5","406499fd39a792de4935f104fc69bceb64bc87ccb8f7aa33f7d445be9c5a2817","MFCL dependent-variable gradients; annual log-scale delta method including FMSY covariance"
2012,"fishing_mortality",1.251708345,0.027566215132413,1.22865019542477,1.27519922820748,1.20826055575362,1.29671847142722,1.18587453357419,1.32119691972845,"21dcaea9db8c89ddc8c29fa3c3a5e514b50bef6e26587c168c00c05f35fbebc3","e289a150c45930c2f4f164fb43432d5c034d8caec7bda7ce664caca9e4ad20c5","406499fd39a792de4935f104fc69bceb64bc87ccb8f7aa33f7d445be9c5a2817","MFCL dependent-variable gradients; annual log-scale delta method including FMSY covariance"
2013,"fishing_mortality",1.1380023325,0.0273848543481353,1.11717545169138,1.15921747726802,1.09875671598842,1.17864973194766,1.07853221555574,1.20075162345348,"21dcaea9db8c89ddc8c29fa3c3a5e514b50bef6e26587c168c00c05f35fbebc3","e289a150c45930c2f4f164fb43432d5c034d8caec7bda7ce664caca9e4ad20c5","406499fd39a792de4935f104fc69bceb64bc87ccb8f7aa33f7d445be9c5a2817","MFCL dependent-variable gradients; annual log-scale delta method including FMSY covariance"
2014,"fishing_mortality",1.22491884,0.0278147062498422,1.20215268576232,1.24811613562672,1.18202445514397,1.26936981553753,1.15992896508832,1.29355004465528,"21dcaea9db8c89ddc8c29fa3c3a5e514b50bef6e26587c168c00c05f35fbebc3","e289a150c45930c2f4f164fb43432d5c034d8caec7bda7ce664caca9e4ad20c5","406499fd39a792de4935f104fc69bceb64bc87ccb8f7aa33f7d445be9c5a2817","MFCL dependent-variable gradients; annual log-scale delta method including FMSY covariance"
2015,"fishing_mortality",1.1134294475,0.0297118045836316,1.09133807709874,1.13596800164427,1.07183017901834,1.15664324333131,1.05044173718963,1.18019409422643,"21dcaea9db8c89ddc8c29fa3c3a5e514b50bef6e26587c168c00c05f35fbebc3","e289a150c45930c2f4f164fb43432d5c034d8caec7bda7ce664caca9e4ad20c5","406499fd39a792de4935f104fc69bceb64bc87ccb8f7aa33f7d445be9c5a2817","MFCL dependent-variable gradients; annual log-scale delta method including FMSY covariance"
2016,"fishing_mortality",1.1648473575,0.0303144136633596,1.14127184442108,1.18890987533563,1.12046140647694,1.21099161330432,1.0976536935411,1.23615433014887,"21dcaea9db8c89ddc8c29fa3c3a5e514b50bef6e26587c168c00c05f35fbebc3","e289a150c45930c2f4f164fb43432d5c034d8caec7bda7ce664caca9e4ad20c5","406499fd39a792de4935f104fc69bceb64bc87ccb8f7aa33f7d445be9c5a2817","MFCL dependent-variable gradients; annual log-scale delta method including FMSY covariance"
2017,"fishing_mortality",0.98509743,0.0317434511263375,0.964230059976251,1.00641640089141,0.945827003249295,1.02599835198068,0.925676229218101,1.04833300884511,"21dcaea9db8c89ddc8c29fa3c3a5e514b50bef6e26587c168c00c05f35fbebc3","e289a150c45930c2f4f164fb43432d5c034d8caec7bda7ce664caca9e4ad20c5","406499fd39a792de4935f104fc69bceb64bc87ccb8f7aa33f7d445be9c5a2817","MFCL dependent-variable gradients; annual log-scale delta method including FMSY covariance"
2018,"fishing_mortality",1.139645795,0.0322586386042714,1.11511706105331,1.16471407659603,1.09349216843197,1.18774745311949,1.06982142083828,1.2140274187476,"21dcaea9db8c89ddc8c29fa3c3a5e514b50bef6e26587c168c00c05f35fbebc3","e289a150c45930c2f4f164fb43432d5c034d8caec7bda7ce664caca9e4ad20c5","406499fd39a792de4935f104fc69bceb64bc87ccb8f7aa33f7d445be9c5a2817","MFCL dependent-variable gradients; annual log-scale delta method including FMSY covariance"
2019,"fishing_mortality",1.0102202375,0.0331639981616003,0.98787371046278,1.03307226161173,0.968184113639186,1.05408146433901,0.946644286337547,1.07806590393412,"21dcaea9db8c89ddc8c29fa3c3a5e514b50bef6e26587c168c00c05f35fbebc3","e289a150c45930c2f4f164fb43432d5c034d8caec7bda7ce664caca9e4ad20c5","406499fd39a792de4935f104fc69bceb64bc87ccb8f7aa33f7d445be9c5a2817","MFCL dependent-variable gradients; annual log-scale delta method including FMSY covariance"
2020,"fishing_mortality",1.0667086475,0.0330925245779633,1.04316285916107,1.09078590045505,1.02241563882414,1.11292051436138,0.999717760900989,1.13818857997059,"21dcaea9db8c89ddc8c29fa3c3a5e514b50bef6e26587c168c00c05f35fbebc3","e289a150c45930c2f4f164fb43432d5c034d8caec7bda7ce664caca9e4ad20c5","406499fd39a792de4935f104fc69bceb64bc87ccb8f7aa33f7d445be9c5a2817","MFCL dependent-variable gradients; annual log-scale delta method including FMSY covariance"
2021,"fishing_mortality",1.05291077,0.0337716398665722,1.02919800783828,1.07716987512493,1.0083127534229,1.09948137204313,0.985473830662937,1.12496248513897,"21dcaea9db8c89ddc8c29fa3c3a5e514b50bef6e26587c168c00c05f35fbebc3","e289a150c45930c2f4f164fb43432d5c034d8caec7bda7ce664caca9e4ad20c5","406499fd39a792de4935f104fc69bceb64bc87ccb8f7aa33f7d445be9c5a2817","MFCL dependent-variable gradients; annual log-scale delta method including FMSY covariance"
2022,"fishing_mortality",1.1421415275,0.034237199841203,1.11606866818345,1.16882348374071,1.09311158658344,1.19337063557917,1.06801453975118,1.22141339868271,"21dcaea9db8c89ddc8c29fa3c3a5e514b50bef6e26587c168c00c05f35fbebc3","e289a150c45930c2f4f164fb43432d5c034d8caec7bda7ce664caca9e4ad20c5","406499fd39a792de4935f104fc69bceb64bc87ccb8f7aa33f7d445be9c5a2817","MFCL dependent-variable gradients; annual log-scale delta method including FMSY covariance"
2023,"fishing_mortality",1.25190495,0.0378006652152429,1.22038964637406,1.28423410382992,1.19270382258325,1.31404458857186,1.16250645232616,1.34817832683717,"21dcaea9db8c89ddc8c29fa3c3a5e514b50bef6e26587c168c00c05f35fbebc3","e289a150c45930c2f4f164fb43432d5c034d8caec7bda7ce664caca9e4ad20c5","406499fd39a792de4935f104fc69bceb64bc87ccb8f7aa33f7d445be9c5a2817","MFCL dependent-variable gradients; annual log-scale delta method including FMSY covariance"
2024,"fishing_mortality",1.438209775,0.0540168936931612,1.38675333828124,1.49157553820581,1.34201698328608,1.54129745201936,1.29372798590108,1.59882709460356,"21dcaea9db8c89ddc8c29fa3c3a5e514b50bef6e26587c168c00c05f35fbebc3","e289a150c45930c2f4f164fb43432d5c034d8caec7bda7ce664caca9e4ad20c5","406499fd39a792de4935f104fc69bceb64bc87ccb8f7aa33f7d445be9c5a2817","MFCL dependent-variable gradients; annual log-scale delta method including FMSY covariance"
