"Parameter 1","Parameter 2","Correlation"
"Mean length of oldest age class","von Bertalanffy growth-rate parameter (κ)","-0.9997"
"Mean length of youngest age class","von Bertalanffy growth-rate parameter (κ)","-0.9976"
"Mean length of youngest age class","Mean length of oldest age class","0.9965"
"Mean length of oldest age class","Age-dependency parameter for the standard deviation of length at age","-0.9868"
"von Bertalanffy growth-rate parameter (κ)","Age-dependency parameter for the standard deviation of length at age","0.9868"
"Mean length of youngest age class","Age-dependency parameter for the standard deviation of length at age","-0.9856"
"Regional recruitment-distribution deviation, Region 1 (2024 Q3)","Regional recruitment-distribution deviation, Region 5 (2024 Q3)","-0.9773"
"Regional recruitment-distribution deviation, Region 1 (2024 Q1)","Regional recruitment-distribution deviation, Region 5 (2024 Q1)","-0.9611"
"Regional recruitment-distribution deviation, Region 4 (1965 Q4)","Regional recruitment-distribution deviation, Region 5 (1965 Q4)","-0.9603"
